specimen;species;biogeo;land;habitat_broad;habitat;SVL;TrL;HL;HW;HH;Lhu;Lun;Lfe;Ltb
1114;Pristurus_abdelkuri;Sokotra;island;rock;rock;31.26;12.89;8.77;5.22;4.7;4.25;4.8;7.02;5.95
1116;Pristurus_abdelkuri;Sokotra;island;rock;rock;32.33;14.43;8.62;5.2;4.04;4.14;5.29;6.23;6.51
1117;Pristurus_abdelkuri;Sokotra;island;rock;rock;35.42;15.17;9.41;5.76;4.5;4.87;6;7.28;6.81
1118;Pristurus_abdelkuri;Sokotra;island;rock;rock;36.03;15.09;9.32;5.97;4.66;4.22;6.6;7.48;6.57
1119;Pristurus_abdelkuri;Sokotra;island;rock;rock;34.33;15.17;8.96;5.39;4.18;4.52;5.94;6.89;6.82
BM1967.501;Pristurus_abdelkuri;Sokotra;island;rock;rock;30.65;12.11;7.91;5.03;4.11;4.3;4.83;6.81;7.12
BM1967.502;Pristurus_abdelkuri;Sokotra;island;rock;rock;35.11;14.54;8.73;5.71;4.77;5.17;5.82;7.85;8
BM99.12.5.126;Pristurus_abdelkuri;Sokotra;island;rock;rock;35.41;15.21;8.54;5.98;4.98;4.53;5.08;6.81;6.91
R-1431-1;Pristurus_abdelkuri;Sokotra;island;rock;rock;34.47;15.03;8.62;6.1;4.94;4.97;5.11;6.5;6.66
R-1431-2;Pristurus_abdelkuri;Sokotra;island;rock;rock;32.47;14.16;7.74;5.3;4.28;4.49;5.21;7.16;6.83
R-1431-3;Pristurus_abdelkuri;Sokotra;island;rock;rock;33.17;14.48;8.27;5.35;4.59;5.06;5.42;7.37;6.58
R-1540-1;Pristurus_abdelkuri;Sokotra;island;rock;rock;34.86;13.87;8.8;5.96;4.83;5.69;5.62;7.54;6.94
R-1541-1;Pristurus_abdelkuri;Sokotra;island;rock;rock;35.42;14.56;8.68;5.43;4.51;5.82;5.9;7.32;7.12
R-1541-2;Pristurus_abdelkuri;Sokotra;island;rock;rock;34.73;14.8;8.36;5.7;4.96;5.27;5.49;6.71;6.85
R-1594-1;Pristurus_abdelkuri;Sokotra;island;rock;rock;35.57;15.9;8.74;6.08;4.41;6.53;5.59;7.55;6.99
R-1594-2;Pristurus_abdelkuri;Sokotra;island;rock;rock;35.77;17.1;9.01;6.02;4.64;5.8;5.56;7.92;7.16
S5486;Pristurus_abdelkuri;Sokotra;island;rock;rock;36.51;15.94;8.69;5.63;4.61;5.81;5.94;7.73;7.82
S5487;Pristurus_abdelkuri;Sokotra;island;rock;rock;33.52;14.18;8.19;5.73;4.41;5.12;5.44;7.08;7.54
S5490;Pristurus_abdelkuri;Sokotra;island;rock;rock;47.07;21.21;11.02;7.78;5.18;7.25;8.22;9.96;10.45
S5491;Pristurus_abdelkuri;Sokotra;island;rock;rock;35.23;14.35;8.46;5.84;4.32;4.75;5.33;6.93;7.15
S5493;Pristurus_abdelkuri;Sokotra;island;rock;rock;35.31;14.98;8.46;5.53;4.23;4.62;5.34;7.03;7.11
S5494;Pristurus_abdelkuri;Sokotra;island;rock;rock;33.19;14.02;8.06;5.18;3.91;4.61;5.28;6.41;6.64
S5497;Pristurus_abdelkuri;Sokotra;island;rock;rock;32.96;13.96;8.02;5.27;3.96;4.53;5.19;7;6.86
S5503;Pristurus_abdelkuri;Sokotra;island;rock;rock;34.58;14.33;8.5;5.66;4.26;4.73;5.3;7.08;6.94
S5504;Pristurus_abdelkuri;Sokotra;island;rock;rock;33.82;14.82;7.94;5.39;4.32;4.25;5.02;6.51;6.86
BM2005.1603;Pristurus_adrarensis;Africa;mainland;rock;rock;30.16;13.28;8.02;5.18;3.56;4.7;5.12;6.56;6.66
BM1930.6.30.7;Pristurus_carteri;Arabia;mainland;ground;hard-ground;59.71;25.64;15.28;12.16;9.24;9.12;11.14;13.24;15.29
BM1953.1.8.36;Pristurus_carteri;Arabia;mainland;ground;hard-ground;54.75;22.58;14.5;11.56;8.69;11.59;11.38;15.79;14.27
BM1953.1.8.37;Pristurus_carteri;Arabia;mainland;ground;hard-ground;51.12;21.54;13.48;11.15;8.18;9.37;10.81;14.1;13.96
BM1953.1.8.41;Pristurus_carteri;Arabia;mainland;ground;hard-ground;48.31;18.77;13;10.3;7.68;9.48;9.93;13.25;13.93
BM1969.306;Pristurus_carteri;Arabia;mainland;ground;hard-ground;68.42;27.12;18.19;14.65;10.54;10.06;12.54;16.23;17.8
BM1969.307;Pristurus_carteri;Arabia;mainland;ground;hard-ground;70.43;28.54;17.66;14.36;11.01;11.01;12.89;18.29;18.45
BM1969.308;Pristurus_carteri;Arabia;mainland;ground;hard-ground;61.07;24.35;15.61;12.92;9.38;10.72;11.48;16.05;15.9
BM1971.43;Pristurus_carteri;Arabia;mainland;ground;hard-ground;75.15;36.74;18.52;13.71;10.33;11.65;13.67;18.55;18.65
BM1971.995;Pristurus_carteri;Arabia;mainland;ground;hard-ground;72.74;33.29;18.01;14.16;10.5;11.3;14.07;20.8;21.02
BM1973.397;Pristurus_carteri;Arabia;mainland;ground;hard-ground;79.15;38.67;18.58;14.81;11.18;13.25;14.14;20.94;17.91
BM1975.1217;Pristurus_carteri;Arabia;mainland;ground;hard-ground;50.9;21.35;13.38;10.34;7.76;7.24;9.99;12.07;13.52
BM1975.1379;Pristurus_carteri;Arabia;mainland;ground;hard-ground;48.17;20.82;12.67;9.99;7.74;7.61;8.95;11.22;13.09
BM1976.1424;Pristurus_carteri;Arabia;mainland;ground;hard-ground;69.98;32.81;17.19;13.08;9.48;11.15;13.03;18.99;18.31
BM1976.1425;Pristurus_carteri;Arabia;mainland;ground;hard-ground;49.66;22.25;13.65;10.52;7.7;9.61;10.15;14.53;13.67
BM1976.1429;Pristurus_carteri;Arabia;mainland;ground;hard-ground;54.39;24.09;14.5;11.01;8.34;11.02;11.96;16.99;15.94
BM1976.1430;Pristurus_carteri;Arabia;mainland;ground;hard-ground;53.12;26.1;14.15;10.94;8.19;11.07;12.05;16.54;15.57
BM1976.1434;Pristurus_carteri;Arabia;mainland;ground;hard-ground;48.81;22.03;13.65;10.9;8.81;8.7;10.12;13.82;14.24
BM1976.1435;Pristurus_carteri;Arabia;mainland;ground;hard-ground;47.55;20.34;12.78;10;7.76;8.14;9.43;12.3;13.33
BM1977.1010;Pristurus_carteri;Arabia;mainland;ground;hard-ground;56.66;27.26;15.28;11.88;9.22;11.26;11.82;18;17.02
BM1977.1011;Pristurus_carteri;Arabia;mainland;ground;hard-ground;49.95;23.79;13.87;10.61;8.79;8.5;10.3;14.38;13.27
BM1977.1012;Pristurus_carteri;Arabia;mainland;ground;hard-ground;52.79;23.74;13.64;11.42;8.42;11.08;10.87;15.44;14.33
BM1977.1021;Pristurus_carteri;Arabia;mainland;ground;hard-ground;59.01;26.99;14.46;11.47;8.81;11.47;11.91;16.2;16.24
BM1977.1022;Pristurus_carteri;Arabia;mainland;ground;hard-ground;53.08;23.29;14.6;11.35;8.07;9.31;9.7;13.9;14.41
BM1977.1023;Pristurus_carteri;Arabia;mainland;ground;hard-ground;49.21;21.79;14.23;10.55;7.83;8.74;10.13;14.16;13.27
BM1977.1026;Pristurus_carteri;Arabia;mainland;ground;hard-ground;45.47;22.26;12.3;9.44;6.85;6.8;8.75;11.55;12.03
BM1977.1027;Pristurus_carteri;Arabia;mainland;ground;hard-ground;41.46;19.62;11.52;9.86;6.75;6.13;8.41;10.92;11.77
BM1977.1028;Pristurus_carteri;Arabia;mainland;ground;hard-ground;49.03;22.03;12.43;10.46;7.68;7.31;8.24;10.99;12.04
BM1977.320;Pristurus_carteri;Arabia;mainland;ground;hard-ground;62.49;28.27;15.82;12.61;9.18;11.68;13.22;17.34;17.41
BM1977.321;Pristurus_carteri;Arabia;mainland;ground;hard-ground;51.02;22.77;14.29;10.1;7.66;9.13;10.08;14.08;14.28
BM1978.929;Pristurus_carteri;Arabia;mainland;ground;hard-ground;59.59;27.87;14.94;12.01;8.62;9.43;11.21;14.31;14.81
BM1978.930;Pristurus_carteri;Arabia;mainland;ground;hard-ground;51.44;23.64;13.1;10.34;7.88;8.26;10.48;12.37;14.35
CN206;Pristurus_carteri;Arabia;mainland;ground;hard-ground;40.92;16.64;10.92;8.25;6.37;6.66;7.28;10.24;10.41
CN3444;Pristurus_carteri;Arabia;mainland;ground;hard-ground;55.62;23.15;14.84;11.16;8.32;9.19;10.78;14.13;14.96
CN3461;Pristurus_carteri;Arabia;mainland;ground;hard-ground;49.92;22.82;13.56;10.65;7.51;8.66;9.29;12.44;12.91
CN7391;Pristurus_carteri;Arabia;mainland;ground;hard-ground;54.18;23.03;14.33;11.51;8.72;9.82;11.52;14.72;15.14
CN7648;Pristurus_carteri;Arabia;mainland;ground;hard-ground;55.08;23.53;14.42;11.43;8.57;9.8;11.13;14.61;14.72
CN8100;Pristurus_carteri;Arabia;mainland;ground;hard-ground;46.84;19.08;12.85;9.44;6.72;9.25;10.45;13.41;13.59
CN8581;Pristurus_carteri;Arabia;mainland;ground;hard-ground;66.91;30.21;16.62;11.83;9.29;13.33;14.52;19.12;19.74
CN8584;Pristurus_carteri;Arabia;mainland;ground;hard-ground;63.95;28.56;16.39;12.12;9.47;12.09;14.13;18.24;19.03
CN8928;Pristurus_carteri;Arabia;mainland;ground;hard-ground;63.42;28.88;15.88;11.06;8.83;12.14;14.03;17.76;18.77
CN8933;Pristurus_carteri;Arabia;mainland;ground;hard-ground;48.06;20.51;12.64;9.26;6.83;9.14;10.67;13.87;14.73
CN8939;Pristurus_carteri;Arabia;mainland;ground;hard-ground;45.49;18.43;11.84;8.99;6.57;8.7;9.61;12.48;12.97
CN9750;Pristurus_carteri;Arabia;mainland;ground;hard-ground;53.1;24.41;13.59;10.23;7.51;9.59;10.25;14.23;13.76
CN9768;Pristurus_carteri;Arabia;mainland;ground;hard-ground;55.24;23.28;14.89;11.95;8.72;9.59;11.44;15.25;15.49
CN9769;Pristurus_carteri;Arabia;mainland;ground;hard-ground;41.74;17.31;11.3;9;6.46;6.56;8.02;10.43;11.23
CN9770;Pristurus_carteri;Arabia;mainland;ground;hard-ground;47.02;22.31;12.73;10.34;7.68;7.89;8.91;12.01;12.26
CN9772;Pristurus_carteri;Arabia;mainland;ground;hard-ground;66.84;28.91;15.97;12.45;9.45;12.17;13.84;18.48;18.88
CN9773;Pristurus_carteri;Arabia;mainland;ground;hard-ground;55.21;24.03;13.71;10.39;8.07;9.36;10.83;15.01;15.29
CN9774;Pristurus_carteri;Arabia;mainland;ground;hard-ground;53.81;23.33;14.09;10.48;7.93;10;11.14;14.62;14.94
MDR2529;Pristurus_carteri;Arabia;mainland;ground;hard-ground;49.89;21.58;12.86;10.49;7.34;8.48;9.88;12.36;12.88
MDR528;Pristurus_carteri;Arabia;mainland;ground;hard-ground;41.37;17.78;10.98;8.38;6.41;6.96;8.69;10.72;11.58
S8070;Pristurus_carteri;Arabia;mainland;ground;hard-ground;69.67;33.48;17.51;13.41;9.5;10.66;12.5;15.98;16.24
S8071;Pristurus_carteri;Arabia;mainland;ground;hard-ground;69.11;32.36;17.09;13.02;9.44;10.56;12.36;16.2;16.66
S8072;Pristurus_carteri;Arabia;mainland;ground;hard-ground;45.74;21.35;12.36;9.62;6.79;7.72;8.96;11.03;11.98
S8073;Pristurus_carteri;Arabia;mainland;ground;hard-ground;54.58;26.03;14.17;11.34;7.89;9.28;10.82;14.69;13.92
BM1971.74;Pristurus_celerrimus;Arabia;mainland;rock;rock;36.32;14.93;8.72;6.44;4.3;4.68;6.06;6.94;8.76
BM1972.692;Pristurus_celerrimus;Arabia;mainland;rock;rock;32.66;14.42;8.21;5.49;3.81;4.8;6.44;6.66;7.37
BM1972.697;Pristurus_celerrimus;Arabia;mainland;rock;rock;31.28;13.52;7.75;5.49;3.63;5.06;5.11;6.38;6.11
BM1972.702;Pristurus_celerrimus;Arabia;mainland;rock;rock;33.53;14.71;7.94;5.51;3.88;4.8;5.96;7.88;8.5
BM1972.703;Pristurus_celerrimus;Arabia;mainland;rock;rock;34.24;15.15;8.34;5.8;3.88;4.39;6.15;7.8;8.58
BM1973.1862;Pristurus_celerrimus;Arabia;mainland;rock;rock;32.56;14.48;7.54;5.42;3.41;4.22;4.73;6.55;7.16
BM1973.1864;Pristurus_celerrimus;Arabia;mainland;rock;rock;33.96;13.96;8.12;6.35;4.28;4.17;5.7;6.36;7.96
BM1973.1865;Pristurus_celerrimus;Arabia;mainland;rock;rock;32.01;13.98;7.93;5.6;3.96;4.74;5.54;6.71;7.8
BM1975.949;Pristurus_celerrimus;Arabia;mainland;rock;rock;37.28;16.31;9.2;6.4;4.26;5.61;6.36;8.48;8.39
BM1977.40;Pristurus_celerrimus;Arabia;mainland;rock;rock;40.55;16.24;9.51;7.22;4.55;4.88;6.46;7.86;8.78
BM1978.2041;Pristurus_celerrimus;Arabia;mainland;rock;rock;27.64;11.74;7.33;5.19;3.22;3.94;4.49;5.23;6.01
BM1978.2043;Pristurus_celerrimus;Arabia;mainland;rock;rock;26.07;11.24;6.95;4.82;2.82;4.19;4.78;5.14;5.83
CN109;Pristurus_celerrimus;Arabia;mainland;rock;rock;33.28;13.68;8.06;5.93;4.02;4.35;5.58;7.12;8.11
CN201;Pristurus_celerrimus;Arabia;mainland;rock;rock;32.74;13.56;7.94;5.51;3.81;4.63;5.24;6.72;7.63
CN23;Pristurus_celerrimus;Arabia;mainland;rock;rock;36.43;15.26;9.04;6.61;4.44;5.54;5.94;7.45;8.33
CN3915;Pristurus_celerrimus;Arabia;mainland;rock;rock;37.03;16.41;8.89;6.58;4.11;5.57;6.23;8.62;8.59
CN3963;Pristurus_celerrimus;Arabia;mainland;rock;rock;39.2;17.08;9.35;6.75;4.24;6.21;6.28;8.33;9.15
CN4236;Pristurus_celerrimus;Arabia;mainland;rock;rock;34.72;14.72;8.63;6.06;4.33;5.24;5.71;7.38;8.15
CN54;Pristurus_celerrimus;Arabia;mainland;rock;rock;32.07;12.37;8.09;5.61;3.93;5.03;5.22;6.54;7.16
CN7174;Pristurus_celerrimus;Arabia;mainland;rock;rock;29.34;12.06;7.06;5.35;3.42;4.48;4.88;6.54;6.97
CN7969;Pristurus_celerrimus;Arabia;mainland;rock;rock;25.33;10.26;6.72;4.42;3.28;3.68;4.04;5.04;5.58
CN8679;Pristurus_celerrimus;Arabia;mainland;rock;rock;31.04;13.21;7.6;5.62;3.78;4.57;4.87;6.28;6.82
CN9;Pristurus_celerrimus;Arabia;mainland;rock;rock;39.12;15.98;9.42;6.63;4.56;5.8;6.56;8.72;9.31
S7436;Pristurus_celerrimus;Arabia;mainland;rock;rock;27.51;11.73;7.26;5.31;3.85;3.88;4.31;5.56;6.4
S7852;Pristurus_celerrimus;Arabia;mainland;rock;rock;38.61;16.57;9.34;6.74;4.21;5.72;6.21;8.14;8.26
S8060;Pristurus_celerrimus;Arabia;mainland;rock;rock;39.84;16.46;9.76;6.94;4.18;5.86;6.58;8.68;9.23
UAE11;Pristurus_celerrimus;Arabia;mainland;rock;rock;28.66;12.22;6.77;5.17;3.71;3.96;4.34;5.43;6.16
UAE7;Pristurus_celerrimus;Arabia;mainland;rock;rock;34.32;15.21;8.01;6.01;4.18;4.34;5.14;6.52;7.46
UAE9;Pristurus_celerrimus;Arabia;mainland;rock;rock;30.02;12.56;7.23;5.24;3.61;4.55;4.61;6.01;6.76
BM1954.1.15.16;Pristurus_collaris;Arabia;mainland;ground;hard-ground;48.23;20.86;13.02;8.5;6.59;10.46;10.38;13.64;12.38
BM1954.1.15.17;Pristurus_collaris;Arabia;mainland;ground;hard-ground;48.4;19.66;12.82;9.08;6.17;9.2;9.48;13.23;12.25
BM1954.1.15.18;Pristurus_collaris;Arabia;mainland;ground;hard-ground;49.26;19.54;12.91;8.47;6.41;9.07;10.36;12.6;12.57
BM1954.1.15.19;Pristurus_collaris;Arabia;mainland;ground;hard-ground;44.99;19.8;11.95;8.66;6.12;9;9.05;11.94;11.55
BM1954.1.15.20;Pristurus_collaris;Arabia;mainland;ground;hard-ground;36.54;15.87;9.8;6.51;4.76;6.79;7.92;10.21;9.92
BM1974.4018;Pristurus_collaris;Arabia;mainland;ground;hard-ground;47.7;18.97;13.17;9.6;7.39;8.83;9.5;12.98;13.09
BM1974.4020;Pristurus_collaris;Arabia;mainland;ground;hard-ground;43.6;16.23;10.98;8.23;6.13;9.29;9;12.6;12.35
BM97.3.11.19;Pristurus_collaris;Arabia;mainland;ground;hard-ground;50.55;22.69;13.49;9.8;7.07;9.7;10.75;13.21;12.95
BM97.3.11.20;Pristurus_collaris;Arabia;mainland;ground;hard-ground;48.9;20.86;12.28;9.67;6.58;8.74;9.53;13.04;12.06
BM97.3.11.21;Pristurus_collaris;Arabia;mainland;ground;hard-ground;45.69;20.12;11.81;8.67;6.56;8.32;9.07;12.54;11.64
BM97.3.11.22;Pristurus_collaris;Arabia;mainland;ground;hard-ground;43.87;17.5;12.61;9.18;6.21;8.6;8.75;11.69;11.42
BM97.3.11.23;Pristurus_collaris;Arabia;mainland;ground;hard-ground;39.37;18.21;10.73;7.45;5.78;7.24;8;10.85;10.48
JEM575;Pristurus_collaris;Arabia;mainland;ground;hard-ground;39.41;17.04;10.17;7.35;5.48;7.41;7.94;10.01;10.95
JEM577;Pristurus_collaris;Arabia;mainland;ground;hard-ground;37.67;14.26;9.62;7.17;5.39;7.38;7.68;10.11;10.89
JEM578;Pristurus_collaris;Arabia;mainland;ground;hard-ground;34.09;13.92;9.13;6.62;4.98;6.52;6.92;8.88;9.73
JEM593;Pristurus_collaris;Arabia;mainland;ground;hard-ground;36.86;15.21;9.89;7.29;5.42;7.61;8.14;10.04;11.32
JEM594;Pristurus_collaris;Arabia;mainland;ground;hard-ground;44.47;17.82;11.36;8.3;6.22;8.88;9.61;12.53;13.22
JEM595;Pristurus_collaris;Arabia;mainland;ground;hard-ground;41.53;16.11;10.91;8.12;6.1;7.72;8.64;11.13;11.61
JEM644;Pristurus_collaris;Arabia;mainland;ground;hard-ground;48.84;21.46;12.53;8.73;6.84;8.18;9.61;12.01;12.56
JEM89;Pristurus_collaris;Arabia;mainland;ground;hard-ground;43.24;17.23;10.89;8.04;5.63;9.02;9.24;10.74;13.16
JEM90;Pristurus_collaris;Arabia;mainland;ground;hard-ground;46.46;20.05;11.56;7.94;6.14;8.06;9.31;11.24;13.06
JEM91;Pristurus_collaris;Arabia;mainland;ground;hard-ground;41.54;15.64;10.38;7.12;5.18;7.86;8.52;10.91;11.8
JEM93;Pristurus_collaris;Arabia;mainland;ground;hard-ground;33.74;14.41;9.12;6.52;4.89;6.01;6.86;8.55;9.18
JEM94;Pristurus_collaris;Arabia;mainland;ground;hard-ground;41.07;16.02;10.36;7.41;5.76;7.76;8.44;10.56;11.74
JEM97;Pristurus_collaris;Arabia;mainland;ground;hard-ground;50.46;21.31;12.41;9.75;7.81;9.42;10.14;13.71;14.03
BM1931.7.20.175;Pristurus_crucifer;Arabia;mainland;ground;soft-ground;30.81;13.69;7.61;5.55;4.64;4.57;5.32;7.31;8.34
BM1931.7.20.176;Pristurus_crucifer;Arabia;mainland;ground;soft-ground;31.53;14.81;7.34;5.45;4.47;5.14;5.56;7.2;8.22
BM1931.7.20.177;Pristurus_crucifer;Arabia;mainland;ground;soft-ground;29.61;13.18;7.06;5.11;4.11;4.93;5.1;6.49;7.65
BM1931.7.20.179;Pristurus_crucifer;Arabia;mainland;ground;soft-ground;28.6;11.89;7.78;5.4;4.38;5.4;5.73;7.37;8.48
BM1931.7.20.180;Pristurus_crucifer;Arabia;mainland;ground;soft-ground;28.25;11.52;7.29;4.96;4.26;5.03;5.33;6.41;6.93
BM1931.7.20.181;Pristurus_crucifer;Arabia;mainland;ground;soft-ground;30.27;11.23;8.53;5.21;4.22;5.02;5.43;7.48;7.69
BM1931.7.20.182;Pristurus_crucifer;Arabia;mainland;ground;soft-ground;30.49;11.76;7.65;5.71;3.86;5.03;5.79;7.1;8.12
BM1931.7.20.183;Pristurus_crucifer;Arabia;mainland;ground;soft-ground;29.71;11.52;7.3;5.73;4.2;5.1;5.99;7.54;8.11
BM1931.7.20.184;Pristurus_crucifer;Arabia;mainland;ground;soft-ground;34.3;15.37;8.64;5.69;4.68;5.77;6.53;7.64;8.5
BM1931.7.20.185;Pristurus_crucifer;Arabia;mainland;ground;soft-ground;29.3;12.25;8.08;5.26;4.34;5;5.47;6.48;7.25
BM1931.7.20.186;Pristurus_crucifer;Arabia;mainland;ground;soft-ground;29.58;11.76;7.15;5.28;4.21;5.13;5.48;7.1;8.55
BM1931.7.20.187;Pristurus_crucifer;Arabia;mainland;ground;soft-ground;25.93;10.01;7.29;5.44;3.99;4.38;5.14;5.84;6.97
BM1937.12.5.163;Pristurus_crucifer;Arabia;mainland;ground;soft-ground;29.45;11.99;7.06;4.98;3.98;4.62;4.74;6.63;7.14
BM1937.12.5.172;Pristurus_crucifer;Arabia;mainland;ground;soft-ground;32.19;15.12;7.33;5.45;4.34;4.61;4.81;6.44;7.23
BM1937.12.5.173;Pristurus_crucifer;Arabia;mainland;ground;soft-ground;32.01;15.07;7.28;5.23;4.24;4.45;5;6.46;7.13
BM1937.12.5.182;Pristurus_crucifer;Arabia;mainland;ground;soft-ground;28.65;11.42;7.16;5.01;4.08;4.14;4.43;6.51;6.93
BM1937.12.5.183;Pristurus_crucifer;Arabia;mainland;ground;soft-ground;30.61;13.76;7.12;5.36;4.15;4.56;4.76;6.78;7.51
BM1937.12.5.187;Pristurus_crucifer;Arabia;mainland;ground;soft-ground;33.45;14.23;7.64;5.18;4.37;4.75;5.02;7.36;7.63
BM1945.12.12.10;Pristurus_crucifer;Arabia;mainland;ground;soft-ground;32.1;12.83;7.86;5.56;4.4;5.32;5.56;7.12;8.32
BM1945.12.12.11;Pristurus_crucifer;Arabia;mainland;ground;soft-ground;36.49;16.14;8.55;6.64;5.37;5.96;6.47;8.61;9.63
BM1963.684;Pristurus_crucifer;Arabia;mainland;ground;soft-ground;28.59;11.45;7.31;4.87;3.7;4.29;5.11;6.77;8.25
BM91.9.24.8;Pristurus_crucifer;Arabia;mainland;ground;soft-ground;33.79;14.43;8.34;5.89;4.89;5.36;6.35;7.53;9.17
BM96.9.24.3;Pristurus_crucifer;Arabia;mainland;ground;soft-ground;29.18;12.84;7.76;5.66;4.49;4.69;5.26;7.49;7.77
BM99.12.13.1;Pristurus_crucifer;Arabia;mainland;ground;soft-ground;35;14.71;8.4;5.86;4.79;5.59;6.31;8.21;9.58
BM99.12.13.10;Pristurus_crucifer;Arabia;mainland;ground;soft-ground;32.44;14.71;7.9;5.08;4.14;5.24;5.44;7.27;8.67
BM99.12.13.13;Pristurus_crucifer;Arabia;mainland;ground;soft-ground;36.23;15.76;8.37;6.04;5.18;5.92;6.34;8.6;9.81
BM99.12.13.14;Pristurus_crucifer;Arabia;mainland;ground;soft-ground;33.12;14.4;7.87;5.64;4.81;5.39;5.62;7.36;8.42
BM99.12.13.15;Pristurus_crucifer;Arabia;mainland;ground;soft-ground;31.15;13.27;7.79;5.43;4.54;5.25;5.67;6.88;8.72
BM99.12.13.2;Pristurus_crucifer;Arabia;mainland;ground;soft-ground;33.98;15.34;8.21;5.91;4.84;5.37;5.97;7.18;8.88
BM99.12.13.3;Pristurus_crucifer;Arabia;mainland;ground;soft-ground;34.72;15.49;8.29;5.86;4.98;5.92;6.08;8.9;9.16
BM99.12.13.5;Pristurus_crucifer;Arabia;mainland;ground;soft-ground;35.72;16.31;8.55;6.15;4.87;5.71;6.38;7.88;8.98
BM99.12.13.6;Pristurus_crucifer;Arabia;mainland;ground;soft-ground;34.35;15.53;8.24;5.88;4.81;5.61;5.96;7.7;9.21
BM99.12.13.8;Pristurus_crucifer;Arabia;mainland;ground;soft-ground;36.81;17.62;8.43;6.04;5.07;6.06;6.24;8.78;9.5
BM99.12.13.9;Pristurus_crucifer;Arabia;mainland;ground;soft-ground;35.14;15.51;8.73;6.28;5.14;5.78;6.16;8.22;9.36
JEM498;Pristurus_crucifer;Arabia;mainland;ground;soft-ground;32.16;13.84;7.86;5.63;4.75;5.09;5.55;7.13;8.24
JEM570;Pristurus_crucifer;Arabia;mainland;ground;soft-ground;33.99;15.38;8.43;5.81;4.84;5.11;6.04;8.1;9.94
CN517;Pristurus_flavipunctatus;Africa;mainland;tree;tree;35.9;16.29;7.99;5.44;4.39;5.21;6.39;7.43;8.02
CN518;Pristurus_flavipunctatus;Africa;mainland;tree;tree;30.82;13.72;8.04;5.76;4.63;4.26;5.44;6.01;6.23
CN519;Pristurus_flavipunctatus;Africa;mainland;tree;tree;31.78;13.64;7.81;5.77;4.21;4.88;5.93;6.95;6.74
JEM225;Pristurus_sp10;Arabia;mainland;tree;tree;28.98;11.86;7.53;5.35;4.08;4.11;5.33;6.21;6.71
JEM227;Pristurus_sp10;Arabia;mainland;tree;tree;30.09;13.29;7.29;5.4;4.01;4.81;5.49;6.55;7.07
JEM228;Pristurus_sp10;Arabia;mainland;tree;tree;30.33;13.32;7.4;5.41;4.25;4.89;5.98;6.66;7.42
JEM229;Pristurus_sp10;Arabia;mainland;tree;tree;27.83;11.74;6.73;5.15;3.71;4.27;5.14;6.26;6.64
JEM230;Pristurus_sp10;Arabia;mainland;tree;tree;26.16;10.89;6.38;4.75;3.48;3.79;4.68;5.23;5.88
JEM231;Pristurus_sp10;Arabia;mainland;tree;tree;22.02;9.41;5.67;4.08;3.14;3.24;3.55;4.74;4.87
JEM232;Pristurus_sp10;Arabia;mainland;tree;tree;24.34;10.06;6.06;4.37;3.21;3.48;4.33;4.87;5.52
JEM443;Pristurus_sp10;Arabia;mainland;tree;tree;29.08;12.72;7.14;5.22;3.83;4.44;4.96;6.02;6.61
JEM118;Pristurus_sp10;Arabia;mainland;tree;tree;39.13;17.48;8.82;6.09;4.42;6.23;7.58;9.11;9.73
JEM125;Pristurus_sp10;Arabia;mainland;tree;tree;35.11;14.89;8.36;6.24;4.56;5.83;7.23;8.08;8.92
JEM126;Pristurus_sp10;Arabia;mainland;tree;tree;35.64;15.84;8.26;6.27;4.61;5.93;6.79;8.03;8.82
JEM238;Pristurus_sp10;Arabia;mainland;tree;tree;36.18;15.36;8.68;6.14;4.61;5.45;6.22;6.91;7.74
JEM239;Pristurus_sp10;Arabia;mainland;tree;tree;32.93;14.71;8.09;6.12;4.43;5.09;6.12;7.01;7.37
JEM242;Pristurus_sp10;Arabia;mainland;tree;tree;34.74;14.51;8.24;6.22;4.64;5.61;6.35;7.02;8.16
JEM244;Pristurus_sp10;Arabia;mainland;tree;tree;29.14;12.69;7.13;5.25;3.68;4.71;5.27;6.14;6.59
JEM247;Pristurus_sp10;Arabia;mainland;tree;tree;30.88;13.11;7.52;5.63;4.23;4.81;5.44;6.21;6.81
JEM162;Pristurus_sp11;Arabia;mainland;tree;tree;33.13;14.26;8.21;5.93;3.87;4.39;5.64;6.56;6.75
JEM170;Pristurus_sp11;Arabia;mainland;tree;tree;28.44;12.23;6.98;5.44;3.98;4.14;4.61;5.18;5.45
JEM167;Pristurus_sp11;Arabia;mainland;tree;tree;28.73;12.35;7.45;5.15;4.02;3.82;4.64;5.05;5.36
JEM168;Pristurus_sp11;Arabia;mainland;tree;tree;30.34;13.11;7.72;5.44;4.13;4.54;5.02;5.71;6.19
JEM169;Pristurus_sp11;Arabia;mainland;tree;tree;31.78;14.54;7.79;5.42;4.2;4.62;5.18;5.46;6.24
JEM418;Pristurus_sp11;Arabia;mainland;tree;tree;32.28;14.05;7.84;5.64;4.36;4.37;5.27;5.52;6.37
JEM419;Pristurus_sp11;Arabia;mainland;tree;tree;30.82;13.46;7.58;5.28;4.4;4.64;5.24;5.77;6.27
JEM420;Pristurus_sp11;Arabia;mainland;tree;tree;30.32;13.38;7.46;5.36;4.37;4.61;5.22;5.91;6.53
JEM421;Pristurus_sp11;Arabia;mainland;tree;tree;32.78;14.25;8.15;5.85;4.71;4.56;5.55;5.94;6.74
JEM422;Pristurus_sp11;Arabia;mainland;tree;tree;32.11;13.46;7.86;5.69;4.42;4.57;5.54;6.08;6.67
JEM441;Pristurus_sp11;Arabia;mainland;tree;tree;23.68;10.55;6.09;4.12;3.31;3.16;3.79;4.45;4.75
JEM442;Pristurus_sp11;Arabia;mainland;tree;tree;28.33;12.46;6.67;5.08;3.88;3.84;4.44;5.21;5.41
JEM479;Pristurus_sp11;Arabia;mainland;tree;tree;29.24;12.46;7.28;5.04;4.06;4.52;4.93;5.52;5.86
JEM535;Pristurus_sp11;Arabia;mainland;tree;tree;32.94;14.34;8.04;5.81;4.38;5.02;5.78;6.11;6.83
CN150;Pristurus_gallagheri;Arabia;mainland;tree;tree;30.27;12.69;7.62;5.26;4.19;4.36;5.23;5.72;6.41
CN2597;Pristurus_gallagheri;Arabia;mainland;tree;tree;33.64;15.04;8.13;5.53;4.31;4.67;5.41;6.73;6.96
CN2636;Pristurus_gallagheri;Arabia;mainland;tree;tree;34.78;14.72;8.63;5.91;4.51;4.95;5.74;6.78;7.11
CN2787;Pristurus_gallagheri;Arabia;mainland;tree;tree;33.24;14.24;7.93;5.76;4.2;4.57;5.25;5.86;6.63
CN3707;Pristurus_gallagheri;Arabia;mainland;tree;tree;33.78;14.96;8.14;5.62;4.26;4.42;4.96;6.43;6.67
CN417;Pristurus_gallagheri;Arabia;mainland;tree;tree;31.76;12.84;7.82;5.31;3.87;3.97;4.84;5.31;6.16
CN5845;Pristurus_gallagheri;Arabia;mainland;tree;tree;32.61;14.15;7.96;5.55;4.21;4.53;5.27;6.18;6.65
CN7015;Pristurus_gallagheri;Arabia;mainland;tree;tree;36.47;16.43;8.73;6.03;4.6;4.79;5.46;6.76;7.01
CN7030;Pristurus_gallagheri;Arabia;mainland;tree;tree;29.81;12.88;7.67;5.12;3.84;3.89;4.61;5.17;5.74
CN7081;Pristurus_gallagheri;Arabia;mainland;tree;tree;32.06;13.83;7.9;5.44;4.16;4.83;5.41;6.46;6.93
CN7214;Pristurus_gallagheri;Arabia;mainland;tree;tree;30.41;12.61;7.69;5.31;4.05;4.41;5.04;5.92;6.34
CN7290;Pristurus_gallagheri;Arabia;mainland;tree;tree;28.07;11.51;7.28;4.91;3.64;3.59;4.35;5.26;5.55
CN9810;Pristurus_gallagheri;Arabia;mainland;tree;tree;37.18;16.94;8.91;6.01;4.56;5.47;5.92;7.19;7.59
CN9811;Pristurus_gallagheri;Arabia;mainland;tree;tree;32.21;14.08;7.88;5.54;4.06;4.87;5.02;6.32;6.22
S1973;Pristurus_gallagheri;Arabia;mainland;tree;tree;32.26;13.98;7.97;5.62;4.11;4.89;5.36;6.22;6.44
S6133;Pristurus_gallagheri;Arabia;mainland;tree;tree;30.92;13.21;7.71;5.22;4.12;4.22;4.77;5.82;6.24
S7271;Pristurus_gallagheri;Arabia;mainland;tree;tree;28.53;12.23;7.45;4.82;3.82;3.91;4.66;5.42;6.21
1094;Pristurus_guichardi;Sokotra;island;tree;tree;27.25;11.1;8.08;5.1;3.96;3.63;5.01;5.91;5.83
1095;Pristurus_guichardi;Sokotra;island;tree;tree;30.16;12.53;8.95;5.49;4.52;4.41;5.95;6.26;6.15
1096;Pristurus_guichardi;Sokotra;island;tree;tree;29.29;13.21;8.74;5.23;3.97;4.03;6.02;5.87;6.24
1097;Pristurus_guichardi;Sokotra;island;tree;tree;32.34;13.2;9.6;5.66;4.21;4.47;6.07;6.01;6.85
1098;Pristurus_guichardi;Sokotra;island;tree;tree;29.09;12.07;8.77;5.21;3.85;4.16;5.55;5.6;5.65
1102;Pristurus_guichardi;Sokotra;island;tree;tree;30.76;13.13;8.81;5.58;4.68;4.11;5.69;6.76;6.17
1105;Pristurus_guichardi;Sokotra;island;tree;tree;32.47;15;9.31;5.71;4.18;4.29;6.45;6.35;6.67
1150;Pristurus_guichardi;Sokotra;island;tree;tree;32.66;14.59;9.24;5.68;3.77;4.87;5.67;6.36;6.01
1151;Pristurus_guichardi;Sokotra;island;tree;tree;32.3;14.17;8.73;5.36;4.31;5.31;5.58;7.93;6.7
1152;Pristurus_guichardi;Sokotra;island;tree;tree;35.06;14.61;10.05;5.81;4.35;5.62;6.08;6.78;6.64
1152;Pristurus_guichardi;Sokotra;island;tree;tree;30.58;12.06;9.26;5.35;4.41;4.56;5.3;7.64;6.34
1161;Pristurus_guichardi;Sokotra;island;tree;tree;37.95;16.71;10.18;6.32;5.31;5.05;7.08;7.58;7.28
1164;Pristurus_guichardi;Sokotra;island;tree;tree;30.12;13.71;8.93;5.15;4.53;4.83;5.5;6.86;6.46
BM1953.1.7.82;Pristurus_guichardi;Sokotra;island;tree;tree;34.51;15.15;9.08;6.04;4.43;4.1;5.84;6.83;7.06
BM1967.500;Pristurus_guichardi;Sokotra;island;tree;tree;33.76;14.53;9.43;6;5.12;4.24;5.95;6.65;7.51
MCC-R1523-1;Pristurus_guichardi;Sokotra;island;tree;tree;32.58;14.01;8.74;5.68;4.24;4.89;5.75;5.68;6.81
MCC-R1523-2;Pristurus_guichardi;Sokotra;island;tree;tree;31;14.07;8.21;5.53;4.48;5.16;5.16;6.61;5.83
R-1435;Pristurus_guichardi;Sokotra;island;tree;tree;34.47;14.91;9.06;6.1;4.49;5.08;5.93;6.65;6.64
R-1440-1;Pristurus_guichardi;Sokotra;island;tree;tree;38.21;16.21;9.12;6.5;4.7;5.53;6.73;6.88;7.55
R-1440-2;Pristurus_guichardi;Sokotra;island;tree;tree;33.72;15.06;8.79;5.61;4.17;5.64;5.48;6.29;6.86
R-1440-3;Pristurus_guichardi;Sokotra;island;tree;tree;32.85;16.26;7.93;5.65;4.24;5.13;5.75;6.62;6.17
R-1440-4;Pristurus_guichardi;Sokotra;island;tree;tree;32.02;14.55;7.83;5.23;3.79;5.14;5.46;6.24;6.39
R-1521-1;Pristurus_guichardi;Sokotra;island;tree;tree;31.41;13.53;6.57;5.3;3.92;4.25;3.92;5.68;5.65
R-1521-2;Pristurus_guichardi;Sokotra;island;tree;tree;28.92;12.14;8.02;4.93;3.64;5.12;4.77;5.46;6.04
R-1522;Pristurus_guichardi;Sokotra;island;tree;tree;30.41;14.18;8.45;4.79;4.14;4.23;5.19;5.81;5.62
R1427-1;Pristurus_guichardi;Sokotra;island;tree;tree;35.48;16.55;9.26;5.89;4.6;5.12;6.14;5.9;6.94
R1427-2;Pristurus_guichardi;Sokotra;island;tree;tree;34.62;15.46;8.55;5.54;4.55;4.77;6.17;6.76;7.37
S5483;Pristurus_guichardi;Sokotra;island;tree;tree;32.86;14.55;8.67;5.73;4.28;4.49;5.57;6.08;6.71
1108;Pristurus_insignis;Sokotra;island;rock;rock;45.27;18.76;12.75;8.36;6.66;7.62;10.95;11.33;12.56
1109;Pristurus_insignis;Sokotra;island;rock;rock;50.19;19.81;13.18;8.5;6.41;8.58;11.76;12.14;12.97
1110;Pristurus_insignis;Sokotra;island;rock;rock;47.87;21.1;12.91;8.27;6.66;7.02;10.41;11.46;12.14
1168;Pristurus_insignis;Sokotra;island;rock;rock;48.88;21.37;12.45;8.06;6.33;8.32;10.47;14.15;12.92
1170;Pristurus_insignis;Sokotra;island;rock;rock;56.58;26.18;13.74;9.39;7.12;10.03;12.22;15.02;14.61
BM1953.1.7.70;Pristurus_insignis;Sokotra;island;rock;rock;57.77;23.75;13.14;8.85;6.93;9.98;11.73;14.33;15.3
BM1953.1.7.72;Pristurus_insignis;Sokotra;island;rock;rock;52.88;21.44;12.49;8.39;6.38;8.45;11.03;12.25;13.24
BM1953.1.7.74;Pristurus_insignis;Sokotra;island;rock;rock;51.46;21.64;12.41;8.05;6.37;8.3;10.32;11.46;13.04
BM1957.1.9.30;Pristurus_insignis;Sokotra;island;rock;rock;58.74;26.03;13.56;10.11;7.29;9.6;11.49;13.23;15.21
BM81.7.22.12;Pristurus_insignis;Sokotra;island;rock;rock;55.03;24.11;12.99;9.26;7.32;9.26;11.06;12.97;14.43
BM81.7.22.13;Pristurus_insignis;Sokotra;island;rock;rock;60.77;27.91;13.87;9.97;7.53;10.12;12.21;13.64;15.64
BM99.12.5.1;Pristurus_insignis;Sokotra;island;rock;rock;47.94;18.86;11.91;8.15;6.17;8.86;10.38;12.31;13.27
BM99.12.5.10;Pristurus_insignis;Sokotra;island;rock;rock;57.19;24.19;13.74;9.12;7.32;8.82;11.56;12.39;14.63
R1545-1;Pristurus_insignis;Sokotra;island;rock;rock;48.89;22.9;11.43;7.98;6.27;8.92;10.43;11.78;12.73
R1545-2;Pristurus_insignis;Sokotra;island;rock;rock;56.83;23.26;14.63;9.54;7.45;8.98;12.01;13.93;14.1
R1546;Pristurus_insignis;Sokotra;island;rock;rock;53.44;22.66;13.72;8.94;7.05;10.68;11.98;14.46;14.06
R1547;Pristurus_insignis;Sokotra;island;rock;rock;53.33;22.33;13.61;9.41;7.25;9.91;12.41;13.54;14.22
S3701;Pristurus_insignis;Sokotra;island;rock;rock;52.9;23.05;14.05;9.78;6.73;10.32;12.11;12.41;14.06
BM1899.12.5.2;Pristurus_sp12;Sokotra;island;rock;rock;51.33;22.66;12.4;8.24;6.98;8.18;10.97;12.1;13.8
BM1899.12.5.3;Pristurus_sp12;Sokotra;island;rock;rock;50.59;24.02;11.5;7.72;6.5;8.35;10.88;12.14;13.73
1111;Pristurus_insignoides;Sokotra;island;rock;rock;48.6;21.75;12.85;8.08;6.27;7.18;8.43;10.03;10.86
1112;Pristurus_insignoides;Sokotra;island;rock;rock;50.34;22.71;12.56;8.39;6.6;6.62;9.29;9.91;10.75
1113;Pristurus_insignoides;Sokotra;island;rock;rock;50.47;21.1;12.68;8.14;6.49;6.82;9;10.38;10.5
BM1967.498;Pristurus_insignoides;Sokotra;island;rock;rock;52.07;22.85;11.83;7.98;6.22;7.36;9.37;11.56;12.6
BM1967.499;Pristurus_insignoides;Sokotra;island;rock;rock;52.02;22.36;12.44;8.56;6.18;6.8;9.99;11.91;12.86
BM99.12.5.7;Pristurus_insignoides;Sokotra;island;rock;rock;51.65;23.22;12.15;8.25;5.85;7.27;9.39;11.23;12.55
BM99.12.5.8;Pristurus_insignoides;Sokotra;island;rock;rock;48.62;21.31;11.73;8.39;6.27;7.67;8.64;11.35;11.85
R1543-1;Pristurus_insignoides;Sokotra;island;rock;rock;48.64;20.95;12.02;8.23;6.05;8.61;8.74;11.45;10.48
R1543-2;Pristurus_insignoides;Sokotra;island;rock;rock;47.3;19.01;11.35;7.81;5.59;7.27;8.51;11.44;10.91
R1544-1;Pristurus_insignoides;Sokotra;island;rock;rock;49.52;22.47;12.02;8.38;6.01;9.19;9.34;11.38;10.49
R1544-2;Pristurus_insignoides;Sokotra;island;rock;rock;47.69;19.92;11.69;8.46;5.99;8.79;9.26;11.04;10.85
R1604-1;Pristurus_insignoides;Sokotra;island;rock;rock;48.1;20.62;12.08;7.83;5.98;7.21;8.78;11.27;10.38
R1605-1;Pristurus_insignoides;Sokotra;island;rock;rock;47.95;18.47;12.19;7.89;6.43;7.33;9.02;10.73;11
R1605-2;Pristurus_insignoides;Sokotra;island;rock;rock;47.78;19.15;12.46;8.06;6.23;6.82;9.15;11.57;11.07
JEM241;Pristurus_sp9;Arabia;mainland;tree;tree;30.43;14.26;7.77;5.48;3.98;4.48;4.82;5.52;5.74
JEM246;Pristurus_sp9;Arabia;mainland;tree;tree;25.41;11.75;6.37;4.67;3.39;3.52;3.83;4.23;4.45
1099;Pristurus_obsti;Sokotra;island;tree;tree;29.84;13.42;8.36;5.08;4.23;4.04;5.2;6.03;6.66
1100;Pristurus_obsti;Sokotra;island;tree;tree;28.91;12.46;8.06;4.93;3.9;4.61;5.9;6.16;5.95
1101;Pristurus_obsti;Sokotra;island;tree;tree;29.15;13.33;8.11;5.08;4.22;4.51;5.24;5.78;6.18
1104;Pristurus_obsti;Sokotra;island;tree;tree;30.35;14.11;8.81;5.1;4.27;4.79;5.9;6;6.54
1149;Pristurus_obsti;Sokotra;island;tree;tree;31.34;14.02;8.33;5.12;3.84;5.06;5.62;6.39;6.42
1149;Pristurus_obsti;Sokotra;island;tree;tree;31.17;13.48;9.07;5.07;4;4.48;5.62;6.86;6.44
1153;Pristurus_obsti;Sokotra;island;tree;tree;29.95;12.91;8.66;5.15;4.19;4.55;6.37;5.95;6.43
1154;Pristurus_obsti;Sokotra;island;tree;tree;31.05;13.52;8.42;4.81;3.69;5.07;5.76;6.15;6.49
1155;Pristurus_obsti;Sokotra;island;tree;tree;30.03;14.51;8.9;5.42;3.98;4.78;5.92;6.2;6.61
1156;Pristurus_obsti;Sokotra;island;tree;tree;28.03;11.68;8.3;4.99;3.69;4.29;5.4;6.41;6.16
1160;Pristurus_obsti;Sokotra;island;tree;tree;31.01;14.12;8.47;5.48;4.02;4.26;5.38;6.23;5.58
1162;Pristurus_obsti;Sokotra;island;tree;tree;30.29;14.02;8.78;5.47;4.51;5;5.56;6.51;5.94
188_5_2010;Pristurus_obsti;Sokotra;island;tree;tree;33.52;14.94;9.55;5.61;4.52;5.71;6.37;7.18;6.83
R-1520-1;Pristurus_obsti;Sokotra;island;tree;tree;33.12;14.22;8.91;5.34;4.63;5.69;5.36;6.56;6.77
R-1520-2;Pristurus_obsti;Sokotra;island;tree;tree;31.31;14.66;8.03;5.53;4.56;4.2;5.37;5.86;5.98
R-1520-3;Pristurus_obsti;Sokotra;island;tree;tree;30.93;14.04;8.24;5.31;4.23;5.29;5.02;5.84;5.48
WP319_row6_2010;Pristurus_obsti;Sokotra;island;tree;tree;31.37;13.21;8.4;5.55;4.31;4.64;5.82;6.08;5.94
wp340_row5_2010;Pristurus_obsti;Sokotra;island;tree;tree;31.97;14.71;8.6;5.45;4.54;4.65;6.11;6.62;6.34
BM1953.1.6.80;Pristurus_ornithocephalus;Arabia;mainland;ground;hard-ground;44.7;18.22;12.81;8.51;6.96;8.27;9.4;12.48;12.14
BM1953.1.6.81;Pristurus_ornithocephalus;Arabia;mainland;ground;hard-ground;52.32;22.4;13.2;10.36;7.76;9.96;10.79;14.34;14.76
BM1963.681;Pristurus_ornithocephalus;Arabia;mainland;ground;hard-ground;48.52;20.75;11.47;9.24;6.55;7.16;8.55;11.29;11.61
BM99.12.13.34;Pristurus_ornithocephalus;Arabia;mainland;ground;hard-ground;41.46;17.53;10.2;8.41;5.82;8.51;8.58;10.56;11.66
BM99.12.13.35;Pristurus_ornithocephalus;Arabia;mainland;ground;hard-ground;47.27;19.36;10.86;8.52;6.08;8.87;9.04;11.16;12.14
BM99.12.13.36;Pristurus_ornithocephalus;Arabia;mainland;ground;hard-ground;45.28;19.61;10.49;8.03;6.1;7.78;8.46;11.04;11.45
JEM646;Pristurus_ornithocephalus;Arabia;mainland;ground;hard-ground;36.5;16.89;9.76;7.09;5.04;6.98;7.52;9.72;9.96
JEM647;Pristurus_ornithocephalus;Arabia;mainland;ground;hard-ground;48.87;20.56;12.67;9.81;7.61;8.74;9.8;13.12;14
JEM648;Pristurus_ornithocephalus;Arabia;mainland;ground;hard-ground;40.85;17.43;11.49;8.26;6.41;7.51;7.68;10.82;10.95
BM1963.690;Pristurus_popovi;Arabia;mainland;rock;rock;34.73;14.34;8.24;6.91;4.15;4.27;5.56;6.86;6.96
BM1963.693;Pristurus_popovi;Arabia;mainland;rock;rock;32.91;15.22;7.51;5.88;4.2;4.74;4.72;5.88;6.59
BM1977.1215;Pristurus_popovi;Arabia;mainland;rock;rock;33.04;14.48;7.81;6.13;4.04;3.81;4.78;6.14;6.25
BM1977.1217;Pristurus_popovi;Arabia;mainland;rock;rock;32.39;13.88;7.89;6.03;3.74;4.96;5.24;6.42;6.55
BM1977.409;Pristurus_popovi;Arabia;mainland;rock;rock;36.32;15.27;8.53;6.34;4.26;4.93;5.66;7.39;7.61
BM1977.410;Pristurus_popovi;Arabia;mainland;rock;rock;34.48;14.26;8.46;6.76;4.28;4.37;5.35;6.36;6.84
BM1977.411;Pristurus_popovi;Arabia;mainland;rock;rock;35.2;14.7;8.52;6.31;4.23;5.06;5.46;7.15;7.34
BM1978.1340;Pristurus_popovi;Arabia;mainland;rock;rock;34.61;16.78;7.84;6.31;3.91;4.72;4.87;6.37;6.51
BM1978.692;Pristurus_popovi;Arabia;mainland;rock;rock;34.31;13.97;8.16;6.67;4.48;4.78;5.72;6.93;7.43
BM1978.693;Pristurus_popovi;Arabia;mainland;rock;rock;34.53;13.83;8.07;6.7;4.21;4.77;5.34;6.44;6.81
BM1984.732;Pristurus_popovi;Arabia;mainland;rock;rock;34.02;16.34;7.79;6.62;4.52;4.76;5.18;5.88;6.03
S10421;Pristurus_popovi;Arabia;mainland;rock;rock;30.65;14.15;7.7;6.18;4.22;4.99;5.1;6.66;6.41
S10427;Pristurus_popovi;Arabia;mainland;rock;rock;28.99;11.56;7.05;5.92;3.95;4.23;4.69;5.43;5.74
S10460;Pristurus_popovi;Arabia;mainland;rock;rock;34.71;15.28;8.31;6.82;4.3;4.34;5.54;6.51;6.89
S10506;Pristurus_popovi;Arabia;mainland;rock;rock;34.54;15.41;7.75;6.77;4.48;4.64;5.18;6.43;6.23
CN190;Pristurus_rupestris;Arabia;mainland;rock;rock;25.41;11.29;6.19;4.42;3.1;3.85;4.23;5.18;6.03
CN4018;Pristurus_rupestris;Arabia;mainland;rock;rock;26.15;10.96;6.57;4.49;3.47;3.72;4.78;5.7;6.44
CN4237;Pristurus_rupestris;Arabia;mainland;rock;rock;24.27;10.25;5.93;4.1;2.89;3.92;4.33;5.37;6.05
CN4246;Pristurus_rupestris;Arabia;mainland;rock;rock;25.7;10.48;6.69;4.63;3.21;3.74;4.87;5.42;5.84
CN6975;Pristurus_rupestris;Arabia;mainland;rock;rock;24.42;10.12;6.05;4.4;2.98;4.07;4.33;5.19;5.42
S6064;Pristurus_rupestris;Arabia;mainland;rock;rock;25.81;9.32;6.52;4.49;3.12;4.9;4.61;6.9;6.22
S6124;Pristurus_rupestris;Arabia;mainland;rock;rock;25.8;10.02;6.38;4.44;3.2;4;4.64;5.98;6.3
S6134;Pristurus_rupestris;Arabia;mainland;rock;rock;23.75;9.93;6.26;4.44;3.42;4.36;4.14;5.66;5.42
S7239;Pristurus_rupestris;Arabia;mainland;rock;rock;23.75;9.36;5.98;4.4;2.92;3.49;3.24;5.51;5.31
S7245;Pristurus_rupestris;Arabia;mainland;rock;rock;24.63;9.62;6.3;4.28;2.89;3.75;4.64;6.14;5.79
S7273;Pristurus_rupestris;Arabia;mainland;rock;rock;25.37;10.14;6.35;4.36;3.02;3.19;4.26;5.53;6.12
S7489;Pristurus_rupestris;Arabia;mainland;rock;rock;24.94;9.02;6.26;4.17;3.09;3.33;4.1;5.38;5.42
S7702;Pristurus_rupestris;Arabia;mainland;rock;rock;24.81;10.35;6.44;4.75;3.54;4.15;5.36;6.08;6.86
S7809;Pristurus_rupestris;Arabia;mainland;rock;rock;22.2;9.05;5.88;3.79;2.65;2.88;3.54;5.09;4.7
CN4244;Pristurus_sp3;Arabia;mainland;rock;rock;24.42;10.2;5.94;4.13;2.64;3.42;3.86;5.24;4.95
CN8298;Pristurus_sp3;Arabia;mainland;rock;rock;26.68;11.53;6.61;4.46;3.46;3.63;4.28;4.93;5.73
S7166;Pristurus_sp3;Arabia;mainland;rock;rock;24.11;9.71;6.21;4.69;3.2;3.86;4.28;5.11;5.36
S7167;Pristurus_sp3;Arabia;mainland;rock;rock;24.91;10.51;6.8;4.68;3.77;4.36;4.41;5.17;6.04
S7407;Pristurus_sp3;Arabia;mainland;rock;rock;26.49;11.7;6.59;5.12;3.91;4.2;4.39;5.29;6.51
S7415;Pristurus_sp3;Arabia;mainland;rock;rock;24.57;11.18;6.23;4.42;3.3;4.75;3.89;6.38;5.57
S7459;Pristurus_sp3;Arabia;mainland;rock;rock;24.3;10;6.1;4.63;3.13;3.35;4.13;4.95;5.44
S7882;Pristurus_sp3;Arabia;mainland;rock;rock;25.82;10.6;6.71;4.86;3.76;4.3;4.63;5.4;6.15
UAE31;Pristurus_sp3;Arabia;mainland;rock;rock;24.39;9.1;6.21;4.41;2.93;3.41;4.17;4.95;5.14
UAE34;Pristurus_sp3;Arabia;mainland;rock;rock;22.79;8.06;5.88;3.86;2.77;3.75;3.76;5.43;4.2
UAE40;Pristurus_sp3;Arabia;mainland;rock;rock;25.78;9.86;6.19;4.47;3.09;3.8;4.1;4.97;5.16
CN39;Pristurus_sp3;Arabia;mainland;rock;rock;24.6;10.69;6.43;4.41;3.05;3.78;4.27;5.21;5.78
CN4171;Pristurus_sp3;Arabia;mainland;rock;rock;25.97;11.01;6.45;4.51;3.24;3.81;4.36;5.32;5.29
S6060;Pristurus_sp3;Arabia;mainland;rock;rock;24.94;10.25;6.52;4.86;3.39;4.25;4.02;4.76;5.2
S7120;Pristurus_sp3;Arabia;mainland;rock;rock;22.45;9.37;6.17;4.25;2.94;4.4;4.57;5.66;5.22
S7452;Pristurus_sp3;Arabia;mainland;rock;rock;22.45;8.44;5.71;4.2;3.41;3.59;3.76;5.08;4.66
S7475;Pristurus_sp3;Arabia;mainland;rock;rock;25.34;10.31;6.48;4.84;3.15;3.62;4.27;5.7;6
S7730;Pristurus_sp3;Arabia;mainland;rock;rock;20.94;7.9;5.58;4.02;3.33;3.24;4.05;4.47;5.2
CN3489;Pristurus_sp3;Arabia;mainland;rock;rock;26.76;10.22;6.64;4.54;3.2;4.14;4.94;5.79;6.15
CN3699;Pristurus_sp3;Arabia;mainland;rock;rock;24.98;11.2;6.35;4.42;3.11;3.78;4.51;5.74;6.33
CN7239;Pristurus_sp3;Arabia;mainland;rock;rock;25.26;10.91;6.37;4.49;2.99;3.43;4.3;5.51;5.49
S6102;Pristurus_sp3;Arabia;mainland;rock;rock;25.39;10.66;6.51;4.34;3.24;4.2;5.49;5.77;5.55
S6123;Pristurus_sp3;Arabia;mainland;rock;rock;24.84;9.45;6.57;4.56;3.12;3.38;4.96;5.67;5.73
S7526;Pristurus_sp3;Arabia;mainland;rock;rock;25.48;9.11;6.73;4.48;3.21;4.2;4.48;5.58;5.89
S7533;Pristurus_sp3;Arabia;mainland;rock;rock;24.7;9.86;7.05;4.45;3.13;4.47;4.86;6.41;6.47
S7551;Pristurus_sp3;Arabia;mainland;rock;rock;24.22;9.87;6.37;4.46;3.13;4.14;4.52;5.18;5.3
CN4174;Pristurus_sp3;Arabia;mainland;rock;rock;24.35;10.6;5.97;4.49;2.95;3.79;3.95;5.73;5.3
CN7200;Pristurus_sp3;Arabia;mainland;rock;rock;24.4;10.6;6.29;4.66;3.22;3.93;4.55;5.39;5.33
S7312;Pristurus_sp3;Arabia;mainland;rock;rock;24.77;8.84;6.59;4.8;3.24;3.07;3.92;6.01;5.51
S7528;Pristurus_sp3;Arabia;mainland;rock;rock;25.19;9.87;6.44;4.95;3.3;4.11;3.9;5.62;5.42
S7736;Pristurus_sp3;Arabia;mainland;rock;rock;25.54;10.89;6.68;5.26;3.44;3.82;4.55;4.6;5.93
CN3717;Pristurus_sp3;Arabia;mainland;rock;rock;26.44;11.48;6.67;4.42;3.21;3.52;4.51;5.42;5.66
CN8031;Pristurus_sp3;Arabia;mainland;rock;rock;23.89;9.24;5.96;4.4;3.15;3.93;4.16;5.07;5.89
CN8289;Pristurus_sp3;Arabia;mainland;rock;rock;25.88;10.7;6.49;4.42;3.45;4.19;4.69;5.47;6.09
CN8662;Pristurus_sp3;Arabia;mainland;rock;rock;25.75;11.09;6.25;4.5;3.27;4.06;4.52;5.39;5.89
S6122;Pristurus_sp3;Arabia;mainland;rock;rock;26.78;10.72;6.34;4.81;3.18;4.64;4.51;6.19;6.15
S7258;Pristurus_sp3;Arabia;mainland;rock;rock;26.39;10.3;6.68;4.57;3.23;3.38;4.53;5.4;5.85
S7546;Pristurus_sp3;Arabia;mainland;rock;rock;27.18;10.76;6.57;4.83;3.21;3.89;4.34;6.01;5.74
S7644;Pristurus_sp3;Arabia;mainland;rock;rock;25.26;9.54;6.49;4.73;3.56;3.77;4.46;5.31;6.52
S7989;Pristurus_sp3;Arabia;mainland;rock;rock;25.18;10.08;6.25;4.46;3.06;3.54;4.32;5.24;5.53
UAE44;Pristurus_sp3;Arabia;mainland;rock;rock;26.61;10.15;6.32;4.57;3.27;4.36;4.48;5.88;5.75
UAE45;Pristurus_sp3;Arabia;mainland;rock;rock;27.36;11.39;6.48;4.8;3.28;4.61;4.71;5.7;6.09
CN3704;Pristurus_sp4;Arabia;mainland;rock;rock;23.23;10.08;6.15;4.35;3.06;3.61;3.87;4.62;5.1
S7257;Pristurus_sp4;Arabia;mainland;rock;rock;23.96;10.11;6.36;4.71;3.07;3.4;3.62;5.45;5.11
CN5855;Pristurus_sp3;Arabia;mainland;rock;rock;25.48;10.48;6.68;5.04;3.48;3.92;4.54;5.18;5.48
CN7125;Pristurus_sp3;Arabia;mainland;rock;rock;23.31;9.08;6.21;4.55;3.31;3.62;4.06;5.08;5.19
CN179;Pristurus_rupestris;Arabia;mainland;rock;rock;27.37;12.19;6.77;4.75;3.5;4.08;4.92;5.81;5.91
CN3705;Pristurus_rupestris;Arabia;mainland;rock;rock;24.42;10.29;6.19;4.22;3.2;3.7;4.39;5.35;5.85
CN3720;Pristurus_rupestris;Arabia;mainland;rock;rock;25.56;11.05;6.47;4.53;3.2;4.1;4.59;5.43;5.88
CN3997;Pristurus_rupestris;Arabia;mainland;rock;rock;25.5;9.68;6.59;4.42;3.47;3.66;4.57;5.39;5.56
CN4175;Pristurus_rupestris;Arabia;mainland;rock;rock;24.51;10.23;5.94;4.4;3.14;3.58;4.17;4.92;5.74
CN7147;Pristurus_rupestris;Arabia;mainland;rock;rock;24.13;10.65;6.29;4.24;2.89;3.66;4.26;4.67;5.32
CN8972;Pristurus_rupestris;Arabia;mainland;rock;rock;25.62;10.72;6.2;4.27;3.25;3.68;4.37;4.88;5.79
S1673;Pristurus_rupestris;Arabia;mainland;rock;rock;26.03;10.78;6.15;5.14;3.03;4.08;4.64;5.21;5.89
S1689;Pristurus_rupestris;Arabia;mainland;rock;rock;26.1;7.72;6.55;4.35;3.05;4.45;4.74;5.35;5.92
S1773;Pristurus_rupestris;Arabia;mainland;rock;rock;23.56;9.16;6.04;4.18;3.03;3.6;4.08;5.96;5.53
S1799;Pristurus_rupestris;Arabia;mainland;rock;rock;24.23;9.98;5.91;4.32;3.2;3.49;4.03;5.68;5.48
S6100;Pristurus_rupestris;Arabia;mainland;rock;rock;26.47;11.73;6.5;4.9;3.3;4.57;5.01;6.14;6.65
S7247;Pristurus_rupestris;Arabia;mainland;rock;rock;23.07;9.21;5.69;4.11;2.91;3.5;4.35;5.74;4.91
S7409;Pristurus_rupestris;Arabia;mainland;rock;rock;25.27;9.96;6.16;4.16;3.09;3.99;4.35;5.51;5.63
S7525;Pristurus_rupestris;Arabia;mainland;rock;rock;26.29;10.88;6.8;4.47;3.18;3.74;4.2;5.94;6.2
S7534;Pristurus_rupestris;Arabia;mainland;rock;rock;24.51;10.29;6.24;4.55;3.08;4.07;4.7;5.66;5.87
S7544;Pristurus_rupestris;Arabia;mainland;rock;rock;26.13;10.35;6.65;4.41;3.11;4.49;4.21;5.71;5.89
S7553;Pristurus_rupestris;Arabia;mainland;rock;rock;25.34;9.88;6.31;4.38;2.93;4.33;4.76;5.63;5.99
S7561;Pristurus_rupestris;Arabia;mainland;rock;rock;24;9.97;6.22;4.15;2.91;3.64;4.29;5.08;5.42
S7709;Pristurus_rupestris;Arabia;mainland;rock;rock;25.63;10.09;6.67;4.54;3.31;3.89;4.85;5.75;6.39
S9016;Pristurus_rupestris;Arabia;mainland;rock;rock;23.52;9.19;5.98;4.3;3.39;3.68;4.52;5.08;5.98
S9018;Pristurus_rupestris;Arabia;mainland;rock;rock;25.7;10.19;6.55;4.73;3.36;4.21;4.68;5.48;6.49
UAE58;Pristurus_rupestris;Arabia;mainland;rock;rock;24.42;9.51;6.21;4.23;2.92;3.81;3.5;6.38;5.57
CN32;Pristurus_rupestris;Arabia;mainland;rock;rock;25.22;11.59;6.15;4.63;3.05;4.06;4.19;5.05;5.4
CN3224;Pristurus_rupestris;Arabia;mainland;rock;rock;26.7;12.21;6.44;4.34;3.13;4.42;4.41;5.02;5.7
CN3709;Pristurus_rupestris;Arabia;mainland;rock;rock;26.04;10.67;6.46;4.42;3.27;4.25;4.44;5.44;5.34
CN5829;Pristurus_rupestris;Arabia;mainland;rock;rock;23.95;10.13;5.88;4.29;2.81;3.72;3.93;4.85;4.96
S6116;Pristurus_rupestris;Arabia;mainland;rock;rock;26.01;10.69;6.8;4.75;3.09;3.69;4.96;4.97;5.56
S6132;Pristurus_rupestris;Arabia;mainland;rock;rock;27.01;9.74;7.04;5.01;3.82;4.4;4.21;6;6.81
S7158;Pristurus_rupestris;Arabia;mainland;rock;rock;25.18;10.39;6.34;4.52;3.94;4.32;3.78;5.05;6.45
S7159;Pristurus_rupestris;Arabia;mainland;rock;rock;22.41;8.8;5.84;4.58;3.25;3.56;4.24;5.38;5.26
S7196;Pristurus_rupestris;Arabia;mainland;rock;rock;24.19;10.45;6.07;4.34;3.28;4.62;4.27;5.33;4.94
S7209;Pristurus_rupestris;Arabia;mainland;rock;rock;23.9;9.42;5.92;4.28;3.1;3.52;4.13;4.98;5.08
S7233;Pristurus_rupestris;Arabia;mainland;rock;rock;26.44;11.35;6.4;4.74;3.22;3.48;4.27;5.29;6.04
S7249;Pristurus_rupestris;Arabia;mainland;rock;rock;23.71;9.64;5.98;4.46;2.74;4.11;4.35;5.13;5.05
S7251;Pristurus_rupestris;Arabia;mainland;rock;rock;24.52;9.85;6.3;3.94;2.99;3.36;4.77;5.47;5.13
S7255;Pristurus_rupestris;Arabia;mainland;rock;rock;21.5;7.88;5.51;3.95;2.87;2.96;3.69;4.88;4.89
S7433;Pristurus_rupestris;Arabia;mainland;rock;rock;24.37;10.09;5.96;4.29;2.97;3.48;4.11;4.75;5.98
S7440;Pristurus_rupestris;Arabia;mainland;rock;rock;26.33;9.45;6.11;4.52;3.33;4.42;4.41;4.96;5.81
S7461;Pristurus_rupestris;Arabia;mainland;rock;rock;25.88;11.19;6.46;4.88;3.45;3.68;4.86;4.1;6.24
S7462;Pristurus_rupestris;Arabia;mainland;rock;rock;25.21;10.76;6.78;4.92;3.86;4.84;4.79;5.41;6.02
CN127;Pristurus_sp2;Arabia;mainland;rock;rock;24.28;9;6.21;4.51;3.46;3.02;3.89;4.92;5.35
CN175;Pristurus_sp2;Arabia;mainland;rock;rock;25.72;10.4;6.89;4.86;3.75;3.8;4.52;5.49;6.28
CN3480;Pristurus_sp2;Arabia;mainland;rock;rock;25.57;11.07;6.66;4.88;3.7;3.41;3.63;4.73;5.37
CN3491;Pristurus_sp2;Arabia;mainland;rock;rock;25.11;10.31;6.72;5.24;3.56;3.17;4.89;4.98;5.32
CN3507;Pristurus_sp2;Arabia;mainland;rock;rock;26.86;10.46;7.04;5.29;3.74;3.72;4.6;5.42;6.04
CN3737;Pristurus_sp2;Arabia;mainland;rock;rock;25.46;10.22;6.62;4.79;3.61;3.69;4.46;5.62;5.34
CN4165;Pristurus_sp2;Arabia;mainland;rock;rock;25.51;9.78;6.55;4.52;3.41;3.52;4.34;4.73;5.83
CN4188;Pristurus_sp2;Arabia;mainland;rock;rock;26.4;11.16;7.02;5.03;3.61;3.83;4.55;5.18;5.97
CN6980;Pristurus_sp2;Arabia;mainland;rock;rock;26.08;10.68;6.9;5.09;3.66;3.42;4.64;5.41;6.27
CN7096;Pristurus_sp2;Arabia;mainland;rock;rock;23.22;9.98;6.15;4.43;3.27;3.67;4.41;4.93;5.19
CN7112;Pristurus_sp2;Arabia;mainland;rock;rock;25.8;11.06;6.71;4.63;3.7;3.77;4.15;5.23;5.87
CN7168;Pristurus_sp2;Arabia;mainland;rock;rock;25.35;11.29;6.63;4.76;3.53;3.8;4.01;5.33;5.04
CN7181;Pristurus_sp2;Arabia;mainland;rock;rock;23.99;9.68;6.07;4.62;3.45;3.71;4.27;5.04;5.16
CN7212;Pristurus_sp2;Arabia;mainland;rock;rock;26.87;11.04;6.67;4.79;3.58;3.61;4.43;5.27;5.79
CN7215;Pristurus_sp2;Arabia;mainland;rock;rock;25.03;10.58;6.67;4.55;3.52;3.69;4.32;4.93;5.8
CN7269;Pristurus_sp2;Arabia;mainland;rock;rock;23.45;8.74;6.35;4.34;3.35;3.47;3.99;4.68;4.89
CN7960;Pristurus_sp2;Arabia;mainland;rock;rock;25.29;10.92;6.63;4.96;3.63;3.97;4.44;5.47;5.58
CN8286;Pristurus_sp2;Arabia;mainland;rock;rock;24.54;10.37;6.72;4.9;3.58;3.74;4.52;5.45;6.07
S7185;Pristurus_sp2;Arabia;mainland;rock;rock;23.87;10.03;6.67;4.83;4.1;4.81;4.43;4.45;6.3
S7198;Pristurus_sp2;Arabia;mainland;rock;rock;25.91;10.96;6.44;4.81;3.39;3.8;4.27;4.91;5.19
S7201;Pristurus_sp2;Arabia;mainland;rock;rock;24.92;10.05;6.47;4.77;3.45;3.86;4.69;5.6;5.63
S7203;Pristurus_sp2;Arabia;mainland;rock;rock;23.82;8.55;6.51;4.78;3.92;3.8;4.22;5.33;5.59
S7216;Pristurus_sp2;Arabia;mainland;rock;rock;24.44;9.03;6.78;4.97;3.52;3.33;4.46;5.53;5.44
S7231;Pristurus_sp2;Arabia;mainland;rock;rock;25.68;11.19;6.48;5.17;3.94;4.16;4.09;5.83;6.17
S7259;Pristurus_sp2;Arabia;mainland;rock;rock;24.34;9.52;6.31;4.79;3.44;3.86;4.72;5.79;5.57
S7264;Pristurus_sp2;Arabia;mainland;rock;rock;26.14;10.4;6.57;4.9;3.41;3.57;4.14;5.68;5.51
S7486;Pristurus_sp2;Arabia;mainland;rock;rock;25.09;9.4;6.32;4.56;3.23;3.45;4.42;5.39;5.61
S7507;Pristurus_sp2;Arabia;mainland;rock;rock;25.61;10.09;6.45;4.74;3.41;3.26;4.43;5.54;5.49
S7510;Pristurus_sp2;Arabia;mainland;rock;rock;25.38;10.01;6.19;4.31;3.07;3.42;4.44;5.17;5.03
S7511;Pristurus_sp2;Arabia;mainland;rock;rock;24.92;9.32;6.58;4.8;3.4;3.35;4.64;6.36;5.43
S7529;Pristurus_sp2;Arabia;mainland;rock;rock;25.4;10.4;6.73;5.6;3.58;3.53;4.65;6.19;6.23
S7531;Pristurus_sp2;Arabia;mainland;rock;rock;24.66;9.66;6.7;5.52;3.45;3.74;4.48;5.45;5.68
S7539;Pristurus_sp2;Arabia;mainland;rock;rock;25.41;10.14;6.69;4.91;3.32;4.23;3.91;4.97;5.29
S7547;Pristurus_sp2;Arabia;mainland;rock;rock;24.79;8.46;6.69;4.6;3.45;3.85;4.4;6.27;5.77
S7556;Pristurus_sp2;Arabia;mainland;rock;rock;25.55;10.09;6.68;4.97;3.37;3.39;4.98;5.83;5.78
S7560;Pristurus_sp2;Arabia;mainland;rock;rock;24.83;8.72;6.72;4.75;3.17;3.62;3.7;5.68;5.29
S7570;Pristurus_sp2;Arabia;mainland;rock;rock;22.97;8.98;6.33;4.77;3.35;3.35;4.08;5.08;5.64
CN159;Pristurus_sp5;Arabia;mainland;rock;rock;22.73;7.6;6.05;4.25;3.32;3.41;3.96;4.52;5.25
CN3588;Pristurus_sp5;Arabia;mainland;rock;rock;19.96;7.54;5.47;3.93;3.09;3.22;3.69;4.15;5.18
CN7971;Pristurus_sp5;Arabia;mainland;rock;rock;21.41;8.26;5.85;3.99;3.03;3.23;3.84;4.71;5.06
CN8037;Pristurus_sp5;Arabia;mainland;rock;rock;21.06;8.64;5.66;3.9;2.98;3.3;3.73;4.36;4.52
CN8965;Pristurus_sp5;Arabia;mainland;rock;rock;21.87;8.82;5.76;4.03;3.21;3.55;3.71;4.57;4.87
S7508;Pristurus_sp5;Arabia;mainland;rock;rock;22.93;9.06;5.68;4.11;2.99;3.58;3.66;5.5;5.17
S7577;Pristurus_sp5;Arabia;mainland;rock;rock;22.02;8.32;6;4.01;3.21;3.5;4.03;5.01;4.88
S8000;Pristurus_sp5;Arabia;mainland;rock;rock;22.35;10.11;5.8;4.32;3.34;3.28;4.85;5.42;5.21
CN145;Pristurus_sp5;Arabia;mainland;rock;rock;23.1;10.15;5.64;3.87;3.17;3.26;3.83;4.6;5.06
CN4023;Pristurus_sp5;Arabia;mainland;rock;rock;23.68;9.9;6.01;4.3;3.41;3.62;3.88;5.11;5.46
S1645;Pristurus_sp5;Arabia;mainland;rock;rock;23.63;9.46;5.84;4.09;2.76;3.33;3.86;5.15;5.02
S1891;Pristurus_sp5;Arabia;mainland;rock;rock;24;9.5;6.22;4.32;2.98;3.51;4.93;5.75;4.61
S7276;Pristurus_sp5;Arabia;mainland;rock;rock;24.86;9.73;6.1;4.23;3.22;4.82;4.06;5.42;5.91
S7437;Pristurus_sp5;Arabia;mainland;rock;rock;22.27;8.57;5.77;4.07;2.92;2.86;3.82;4.82;5.2
S7541;Pristurus_sp5;Arabia;mainland;rock;rock;25.79;9.04;6.86;4.7;3.25;5.16;5.81;6.23;5.86
S7865;Pristurus_sp5;Arabia;mainland;rock;rock;23.16;10.11;6.26;4.72;3.75;4.03;3.61;5.25;4.96
S9012;Pristurus_sp5;Arabia;mainland;rock;rock;23.2;9.19;6.54;4.3;3.24;3.66;4.44;5.04;5.68
S9013;Pristurus_sp5;Arabia;mainland;rock;rock;23.23;8.58;6.14;4.3;3.23;3.85;3.8;5.31;5.38
1121;Pristurus_samhaensis;Sokotra;island;rock;rock;31.72;12.78;9.27;5.86;4.74;4.39;5.32;6.65;6.6
1123;Pristurus_samhaensis;Sokotra;island;rock;rock;32.47;13.5;9.31;5.91;4.88;4.84;5.06;7.18;7.25
1127;Pristurus_samhaensis;Sokotra;island;rock;rock;28.47;11.99;8.5;4.85;4.74;4.4;5.8;5.77;7.51
1128;Pristurus_samhaensis;Sokotra;island;rock;rock;28.88;11.98;8.59;5.3;4.76;4.41;5.31;6.87;7.39
1132;Pristurus_samhaensis;Sokotra;island;rock;rock;31.66;14.06;9.17;5.18;4.28;4.67;5.36;6.55;7.44
R-1531;Pristurus_samhaensis;Sokotra;island;rock;rock;32.21;13.83;8.43;5.66;4.43;5.16;5.61;6.59;7.23
R-1532-1;Pristurus_samhaensis;Sokotra;island;rock;rock;36.22;16.06;9.63;6.42;5;6.43;6.5;7.25;7.34
R-1532-2;Pristurus_samhaensis;Sokotra;island;rock;rock;31.9;14.32;8.66;5.41;4.12;4.71;5.74;6.33;7.26
R-1535-1;Pristurus_samhaensis;Sokotra;island;rock;rock;31.06;13.72;7.78;5.22;3.97;5.12;5.29;6.36;6.56
R-1536-1;Pristurus_samhaensis;Sokotra;island;rock;rock;30.75;13.09;7.82;5.14;4.24;4.93;5.83;7.17;6.99
R-1542;Pristurus_samhaensis;Sokotra;island;rock;rock;29.94;13.79;7.43;5.67;4.7;5.13;5.51;6.69;6.6
R-1595-1;Pristurus_samhaensis;Sokotra;island;rock;rock;38.27;17.86;9.9;5.89;4.47;6.7;6.78;7.5;8.51
R-1595-10;Pristurus_samhaensis;Sokotra;island;rock;rock;34.38;15.23;8.71;5.38;4.16;6.23;6.04;7.68;7.89
R-1595-11;Pristurus_samhaensis;Sokotra;island;rock;rock;34.79;14.68;8.82;5.71;4.52;6.23;6.44;8.42;8.42
R-1595-12;Pristurus_samhaensis;Sokotra;island;rock;rock;33.81;14.88;8.75;5;4.29;6.11;5.86;8.05;8.26
R-1595-13;Pristurus_samhaensis;Sokotra;island;rock;rock;33.35;15.26;8.66;5.33;4.62;5.6;6.29;7.55;7.22
R-1595-14;Pristurus_samhaensis;Sokotra;island;rock;rock;33.19;14.73;7.38;4.99;4.51;5.16;5.99;7.51;8.35
R-1595-15;Pristurus_samhaensis;Sokotra;island;rock;rock;33.91;14.18;8.73;5.12;4.25;6.14;6.1;8.14;8.42
R-1595-2;Pristurus_samhaensis;Sokotra;island;rock;rock;35.07;16.12;9.38;5.36;4.51;6.42;6.43;7.67;8.29
R-1595-3;Pristurus_samhaensis;Sokotra;island;rock;rock;32.93;13.48;8.24;5.1;4.41;6.29;6.05;8.43;8.34
R-1595-4;Pristurus_samhaensis;Sokotra;island;rock;rock;34.8;14.95;8.65;5.31;4.43;6.65;6.3;9.13;8.49
R-1595-5;Pristurus_samhaensis;Sokotra;island;rock;rock;33.45;13.67;8.54;5.16;4.18;5.95;6.25;7.91;7.76
R-1595-6;Pristurus_samhaensis;Sokotra;island;rock;rock;34.62;15.92;9.06;5.09;4.03;6.99;6.57;7.96;8.32
R-1595-7;Pristurus_samhaensis;Sokotra;island;rock;rock;31.87;15.1;8.33;5.15;4.31;6.17;5.88;7.63;8.39
R-1595-8;Pristurus_samhaensis;Sokotra;island;rock;rock;36.44;15.46;9.53;5.73;4.81;5.63;6.41;7.92;8.75
R-1595-9;Pristurus_samhaensis;Sokotra;island;rock;rock;37.73;15.92;9.61;5.7;4.97;6.79;6.82;7.71;9.22
R-1596-1;Pristurus_samhaensis;Sokotra;island;rock;rock;33.57;14.25;8.69;5.48;4.24;6;6.36;7.24;8.59
R-1596-2;Pristurus_samhaensis;Sokotra;island;rock;rock;36.71;15.39;9.2;5.8;4.89;6.36;6.77;8.01;8.96
R-1596-3;Pristurus_samhaensis;Sokotra;island;rock;rock;35.41;15.38;8.49;5.55;4.77;6.87;6.77;8.46;8.71
R-1596-4;Pristurus_samhaensis;Sokotra;island;rock;rock;34.66;14.79;8.49;5.31;4.48;6;6.67;7.92;8.3
R-1596-5;Pristurus_samhaensis;Sokotra;island;rock;rock;35.27;14.72;8.86;5.87;4.72;6.11;6.81;8.26;8.84
1120;Pristurus_sokotranus;Sokotra;island;rock;rock;30.4;12.93;8.34;4.82;3.96;4.14;5.22;6.21;6.59
1124;Pristurus_sokotranus;Sokotra;island;rock;rock;31.88;11.76;9.06;5.6;4.62;4.57;5.38;6.02;7.04
1125;Pristurus_sokotranus;Sokotra;island;rock;rock;35.36;14.99;9.73;6.33;5.52;4.94;6.03;6.61;7.68
1133;Pristurus_sokotranus;Sokotra;island;rock;rock;34.19;15.27;9.58;5.79;4.82;4.17;6.35;6.5;6.5
1134;Pristurus_sokotranus;Sokotra;island;rock;rock;34.09;13.7;9.58;5.57;4.62;4.35;6.39;6.49;7.28
1135;Pristurus_sokotranus;Sokotra;island;rock;rock;34.47;14.35;10.08;6;4.85;4.96;7.01;7.65;7.76
1136;Pristurus_sokotranus;Sokotra;island;rock;rock;38.17;14.17;11.08;6.95;5.4;5.63;6.6;6.91;8.29
BM1946.8.20.14;Pristurus_sokotranus;Sokotra;island;rock;rock;30.3;13.09;8.01;5.47;4.23;4.66;5.03;6.17;6.93
BM1946.8.20.16;Pristurus_sokotranus;Sokotra;island;rock;rock;32.52;14.76;8.01;5.44;4.48;4.18;5.45;6.89;7.28
BM1946.8.20.17;Pristurus_sokotranus;Sokotra;island;rock;rock;34.4;14.23;9.03;6.13;4.99;4.52;5.97;6.71;7.66
BM1946.8.20.18;Pristurus_sokotranus;Sokotra;island;rock;rock;35.11;14.95;8.95;5.83;4.7;5.08;6.17;7.13;8.18
BM1946.8.20.21;Pristurus_sokotranus;Sokotra;island;rock;rock;38.63;15.61;9.4;6.61;5.12;5.08;6.63;7.88;8.8
BM1946.8.20.24;Pristurus_sokotranus;Sokotra;island;rock;rock;35.64;14.51;9.28;6.06;4.84;4.92;5.99;7.91;8.44
BM1946.8.20.25;Pristurus_sokotranus;Sokotra;island;rock;rock;33.06;14.46;8.27;5.47;4.63;4.63;5.43;6.26;7.37
BM1946.8.20.26;Pristurus_sokotranus;Sokotra;island;rock;rock;30.14;12.31;7.91;5.64;4.46;4.38;4.73;6.63;6.94
BM1946.8.20.27;Pristurus_sokotranus;Sokotra;island;rock;rock;34.73;15.98;8.61;5.93;4.73;5.07;5.6;6.56;7.38
BM1946.8.20.5;Pristurus_sokotranus;Sokotra;island;rock;rock;37.17;17.34;9.45;5.96;5.04;5.24;6.17;7.8;8.41
BM1946.8.20.7;Pristurus_sokotranus;Sokotra;island;rock;rock;39.01;16.07;10.25;6.56;5.66;5.23;6.69;8.24;8.85
BM1946.8.20.8;Pristurus_sokotranus;Sokotra;island;rock;rock;32.48;14.53;8.6;5.55;4.46;4.53;5.04;7.01;7.41
BM1946.8.24.98;Pristurus_sokotranus;Sokotra;island;rock;rock;36.85;15.52;9.16;5.99;4.97;4.81;6.12;7.02;8.24
BM1953.1.7.175;Pristurus_sokotranus;Sokotra;island;rock;rock;31.8;13.8;8.1;5.46;4.13;4.59;5.43;6.55;7.14
BM1953.1.7.177;Pristurus_sokotranus;Sokotra;island;rock;rock;32.96;13.76;8.73;5.58;4.47;4.73;5.11;6.96;7.43
BM1953.1.7.178;Pristurus_sokotranus;Sokotra;island;rock;rock;34.45;15.74;8.54;6.08;4.52;5.04;5.91;7.16;7.79
BM1953.1.7.179;Pristurus_sokotranus;Sokotra;island;rock;rock;33.67;14.41;8.48;5.41;4.32;5.1;5.44;6.8;7.04
BM1965.1442;Pristurus_sokotranus;Sokotra;island;rock;rock;35.46;14.98;9.29;6.26;4.82;5.16;6.41;6.98;7.89
BM1965.1443;Pristurus_sokotranus;Sokotra;island;rock;rock;32.77;13.5;8.68;5.71;4.37;4.45;5.51;6.61;7.78
BM1965.1444;Pristurus_sokotranus;Sokotra;island;rock;rock;32.93;13.92;8.63;5.82;4.56;4.97;5.47;6.01;7
BM1965.1447;Pristurus_sokotranus;Sokotra;island;rock;rock;31.71;13.28;8.06;5.36;4.16;4.43;4.99;6.17;7.26
BM1967.503;Pristurus_sokotranus;Sokotra;island;rock;rock;36.42;16.73;9.09;6.21;5.22;4.21;5.59;7.01;7.53
BM1967.504;Pristurus_sokotranus;Sokotra;island;rock;rock;34.55;13.8;8.96;5.88;4.88;4.21;5.8;6.48;7.66
BM1967.505;Pristurus_sokotranus;Sokotra;island;rock;rock;33.35;14.46;8.7;5.72;4.66;4.61;5.74;7.46;8.42
BM1967.506;Pristurus_sokotranus;Sokotra;island;rock;rock;35.12;14.16;9.02;6.15;5.08;4.14;5.98;7.23;7.77
R-1436;Pristurus_sokotranus;Sokotra;island;rock;rock;35.9;14.97;9.39;5.9;4.43;5.64;6.5;7.52;8.41
R-1529-1;Pristurus_sokotranus;Sokotra;island;rock;rock;33.35;13.37;8.5;6.29;4.65;5.73;6.84;7.15;7.09
R-1529-2;Pristurus_sokotranus;Sokotra;island;rock;rock;34.24;14.84;8.88;6.14;4.27;5.44;5.8;7.18;7.12
R-1530;Pristurus_sokotranus;Sokotra;island;rock;rock;34.61;14.58;8.87;5.82;4.72;5.66;6.03;6.51;7.09
R-1533-1;Pristurus_sokotranus;Sokotra;island;rock;rock;32.81;14.09;8.04;5.47;4.32;5.63;6.33;6.8;7.35
R-1533-2;Pristurus_sokotranus;Sokotra;island;rock;rock;30.33;13.96;8.17;5.26;3.85;5.13;5.6;6.14;6.83
R-1538-1;Pristurus_sokotranus;Sokotra;island;rock;rock;36.68;14.66;9.99;5.98;4.43;5.64;6.08;7.32;7.83
R-1538-2;Pristurus_sokotranus;Sokotra;island;rock;rock;33.51;15.48;8.11;5.75;4.32;5.37;5.71;6.75;6.5
R-1538-3;Pristurus_sokotranus;Sokotra;island;rock;rock;35.32;15.44;8.29;5.8;5.11;6.12;5.93;6.61;7.3
R-1538-4;Pristurus_sokotranus;Sokotra;island;rock;rock;37.15;16.8;9.37;6.24;4.74;5.81;6.02;6.71;7.8
S5500;Pristurus_sokotranus;Sokotra;island;rock;rock;30.62;13.84;8.02;5.13;4.14;4.38;5.43;5.87;7.1
S5506;Pristurus_sokotranus;Sokotra;island;rock;rock;38.23;17.1;9.45;6.56;4.89;5.41;6.71;8.76;8.96
S5509;Pristurus_sokotranus;Sokotra;island;rock;rock;36.11;14.79;9.35;5.87;4.35;4.79;5.71;7.11;7.62
BM1931.7.20.242;Pristurus_somalicus;Africa;mainland;ground;soft-ground;28.15;11.55;7.72;5.09;4.24;4.84;5.36;6.13;7.09
BM1931.7.20.243;Pristurus_somalicus;Africa;mainland;ground;soft-ground;28.57;11.46;7.77;5.34;4.25;5.06;5.15;6.15;7.25
BM1931.7.20.244;Pristurus_somalicus;Africa;mainland;ground;soft-ground;28.73;11.42;7.55;5.45;4.01;5;5.45;6.74;7.37
BM1931.7.20.245;Pristurus_somalicus;Africa;mainland;ground;soft-ground;29.19;11.75;8.06;5.7;4.44;5.25;5.5;6.88;7.4
BM1931.8.1.121;Pristurus_somalicus;Africa;mainland;ground;soft-ground;23.35;9.44;6.54;4.51;3.84;4.44;4.89;5.15;6.6
BM1931.8.1.122;Pristurus_somalicus;Africa;mainland;ground;soft-ground;24.9;10.69;6.7;4.42;3.94;4.75;5.08;5.75;6.66
BM1931.8.1.123;Pristurus_somalicus;Africa;mainland;ground;soft-ground;26.39;10.25;6.9;4.97;3.91;4.88;5.12;5.8;6.92
BM1931.8.1.124;Pristurus_somalicus;Africa;mainland;ground;soft-ground;26.79;10.76;7.09;4.85;4.03;5.25;5.39;5.95;7.12
BM1937.12.5.189;Pristurus_somalicus;Africa;mainland;ground;soft-ground;26.14;10.78;6.98;4.74;3.93;5.01;5.3;5.65;6.79
BM1946.8.20.29;Pristurus_somalicus;Africa;mainland;ground;soft-ground;29.71;13.6;7.62;5.58;4.39;4.26;5.23;6.68;7.15
BM1946.8.24.55;Pristurus_somalicus;Africa;mainland;ground;soft-ground;29.09;12.15;7.36;5.61;4.44;4.25;5.05;6.54;7.47
BM1946.8.24.57;Pristurus_somalicus;Africa;mainland;ground;soft-ground;28.03;11.35;7.57;5.99;4.33;4.3;4.9;6.15;6.91
BM1946.8.24.62;Pristurus_somalicus;Africa;mainland;ground;soft-ground;29.54;12.62;7.44;5.93;4.48;4.28;5.54;6.95;8.11
BM1946.8.24.63;Pristurus_somalicus;Africa;mainland;ground;soft-ground;29.74;13.18;7.61;5.94;4.65;4.41;5.6;6.99;7.94
BM1946.8.24.64;Pristurus_somalicus;Africa;mainland;ground;soft-ground;27.76;11.24;7.09;5.35;4.48;4.89;5.06;6.35;7.4
BM1946.8.24.65;Pristurus_somalicus;Africa;mainland;ground;soft-ground;29.91;13.45;7.41;5.49;4.32;4.33;5.28;6.51;7.55
BM1946.8.24.67;Pristurus_somalicus;Africa;mainland;ground;soft-ground;31.23;13.93;7.48;5.96;4.44;4.13;5.03;7.05;7.23
BM1946.8.24.68;Pristurus_somalicus;Africa;mainland;ground;soft-ground;31.42;14.02;7.8;6.03;4.44;4.21;5.23;6.65;7.81
BM1946.8.24.69;Pristurus_somalicus;Africa;mainland;ground;soft-ground;29.74;12.57;8.05;6.32;4.42;4.59;5.21;6.87;7.16
BM1946.8.24.70;Pristurus_somalicus;Africa;mainland;ground;soft-ground;27.16;11.47;7.01;5.03;3.99;4.12;4.65;5.86;6.78
BM1946.8.24.72;Pristurus_somalicus;Africa;mainland;ground;soft-ground;28.71;13.49;7.55;5.68;4.4;4.29;5.11;6.26;7.39
BM1946.8.24.76;Pristurus_somalicus;Africa;mainland;ground;soft-ground;26.87;11.12;7.04;4.95;3.74;4.79;4.87;6.16;7.09
BM1946.8.24.77;Pristurus_somalicus;Africa;mainland;ground;soft-ground;29.2;11.77;7.2;5.69;3.93;4.37;5.7;6.99;7.15
BM1946.8.24.78;Pristurus_somalicus;Africa;mainland;ground;soft-ground;27.95;11.53;7.04;5.45;4.27;4.72;5.24;6.35;7.87
BM1946.8.24.79;Pristurus_somalicus;Africa;mainland;ground;soft-ground;31.1;12.73;7.63;5.78;4.7;4.65;5.8;6.76;7.11
BM1946.8.24.82;Pristurus_somalicus;Africa;mainland;ground;soft-ground;27.78;11.68;7.12;5.26;4.16;4.34;4.85;5.95;7.51
BM1946.8.24.85;Pristurus_somalicus;Africa;mainland;ground;soft-ground;27.82;11.58;8.21;5.79;4.51;4.19;5.25;6.65;7.9
BM1946.8.24.86;Pristurus_somalicus;Africa;mainland;ground;soft-ground;26.01;11.39;7.58;4.96;3.96;3.49;4.85;5.56;7.07
BM1946.8.24.87;Pristurus_somalicus;Africa;mainland;ground;soft-ground;26.44;11.99;6.9;5.01;3.95;4.18;4.48;6.4;6.96
BM1946.8.24.89;Pristurus_somalicus;Africa;mainland;ground;soft-ground;29.56;12.54;7.74;5.91;4.56;3.78;4.99;6.07;7.24
BM91.11.11.3;Pristurus_somalicus;Africa;mainland;ground;soft-ground;30.92;11.82;8.59;5.85;4.29;5.39;5.85;6.88;7.69
BM95.6.14.1;Pristurus_somalicus;Africa;mainland;ground;soft-ground;29.3;11.75;7.85;5.64;4.27;5.05;5.32;6.43;7.49
BM95.6.14.2;Pristurus_somalicus;Africa;mainland;ground;soft-ground;28.47;11.54;7.88;5.83;4.35;4.96;5.58;6.71;7.84
CN164;Pristurus_sp1;Arabia;mainland;rock;rock;25.46;9.97;6.43;4.6;3.29;3.76;4.38;5.31;5.82
CN8068;Pristurus_sp1;Arabia;mainland;rock;rock;24.09;10.23;6.33;4.99;3.38;3.88;4.14;5.42;5.53
CN8099;Pristurus_sp1;Arabia;mainland;rock;rock;28.07;11.63;7.19;5.4;3.75;4.19;4.83;6.11;6.63
CN8580;Pristurus_sp1;Arabia;mainland;rock;rock;29.15;12.45;7.21;5.57;4.08;4.61;4.94;6.18;6.64
CN8659;Pristurus_sp1;Arabia;mainland;rock;rock;24.74;10.16;6.36;4.73;3.5;3.71;3.91;5.37;5.46
JEM1;Pristurus_sp1;Arabia;mainland;rock;rock;26.23;12.31;6.54;5.22;3.88;3.62;3.98;5.18;5.31
JEM171;Pristurus_sp1;Arabia;mainland;rock;rock;24.32;10.18;6.01;4.66;3.41;3.38;3.88;5.03;4.88
JEM172;Pristurus_sp1;Arabia;mainland;rock;rock;24.95;11.61;5.87;4.82;3.31;3.54;3.76;4.7;4.88
JEM174;Pristurus_sp1;Arabia;mainland;rock;rock;21.96;9.04;5.56;4.34;3.18;3.12;3.48;4.43;4.67
JEM193;Pristurus_sp1;Arabia;mainland;rock;rock;21.83;9.28;5.55;4.18;3.29;2.99;3.18;4.01;4.2
JEM194;Pristurus_sp1;Arabia;mainland;rock;rock;21.41;9.21;5.46;4.14;3.21;3.23;3.36;4.19;4.41
JEM2;Pristurus_sp1;Arabia;mainland;rock;rock;25.05;10.43;6.46;5.08;3.74;3.57;3.67;5.77;5.68
JEM20;Pristurus_sp1;Arabia;mainland;rock;rock;27.22;11.88;6.73;5.62;4.05;4.01;4.17;5.27;5.19
JEM21;Pristurus_sp1;Arabia;mainland;rock;rock;24.43;10.19;6.18;4.69;3.49;3.53;3.71;4.66;4.97
JEM217;Pristurus_sp1;Arabia;mainland;rock;rock;23.37;10.25;5.74;4.49;3.39;3.04;3.51;4.21;4.47
JEM218;Pristurus_sp1;Arabia;mainland;rock;rock;20.09;7.83;5.34;4.08;3.28;3.03;3.24;3.79;4.08
JEM219;Pristurus_sp1;Arabia;mainland;rock;rock;20.67;7.94;5.21;4.06;3.23;2.74;3.14;4.09;4.24
JEM243;Pristurus_sp1;Arabia;mainland;rock;rock;21.73;8.77;5.33;4.21;2.89;2.92;3.27;4.16;4.41
JEM245;Pristurus_sp1;Arabia;mainland;rock;rock;20.22;8.11;5.54;4.29;3.33;2.96;3.29;4.19;4.46
JEM286;Pristurus_sp1;Arabia;mainland;rock;rock;26.24;11.45;6.44;4.98;3.78;4.07;4.34;5.06;5.49
JEM3;Pristurus_sp1;Arabia;mainland;rock;rock;25.74;11.11;6.04;4.89;3.62;3.41;3.86;4.94;5.06
JEM300;Pristurus_sp1;Arabia;mainland;rock;rock;26.94;11.84;6.65;5.27;3.77;3.97;4.14;5.21;5.33
JEM305;Pristurus_sp1;Arabia;mainland;rock;rock;19.87;8.46;5.31;4.12;2.96;2.73;3;3.56;3.98
JEM306;Pristurus_sp1;Arabia;mainland;rock;rock;25.32;10.31;6.59;5.01;3.58;3.97;4.52;5.72;6.19
JEM36;Pristurus_sp1;Arabia;mainland;rock;rock;25.63;10.97;6.14;4.63;3.51;3.54;4.31;5.14;5.68
JEM454;Pristurus_sp1;Arabia;mainland;rock;rock;26.19;11.46;6.44;5.14;3.82;3.99;4.14;5.19;5.32
JEM455;Pristurus_sp1;Arabia;mainland;rock;rock;26.28;11.52;6.7;5.16;3.88;4.06;4.31;5.31;5.61
JEM458;Pristurus_sp1;Arabia;mainland;rock;rock;27.07;12.06;6.81;5.31;3.83;4.27;4.61;5.43;5.71
JEM50;Pristurus_sp1;Arabia;mainland;rock;rock;23.36;10.21;5.77;4.33;3.31;3.24;4.02;4.65;4.85
JEM51;Pristurus_sp1;Arabia;mainland;rock;rock;24.42;10.72;5.88;4.53;3.44;3.87;4.07;4.74;5.22
JEM546;Pristurus_sp1;Arabia;mainland;rock;rock;21.04;8.46;5.27;4.15;3.03;3.1;3.54;4.34;4.51
JEM547;Pristurus_sp1;Arabia;mainland;rock;rock;22.96;10.86;5.92;4.31;3.39;3.41;3.61;4.28;4.77
JEM596;Pristurus_sp1;Arabia;mainland;rock;rock;21.38;8.18;5.66;4.48;3.11;3.08;3.59;4.38;4.65
JEM598;Pristurus_sp1;Arabia;mainland;rock;rock;23.46;10.16;6.07;4.46;3.24;3.26;4.04;4.96;5.47
JEM6;Pristurus_sp1;Arabia;mainland;rock;rock;27.26;11.68;6.82;5.06;3.89;4.1;4.57;5.65;6.11
JEM649;Pristurus_sp1;Arabia;mainland;rock;rock;23.39;10.21;6.11;4.73;3.38;3.11;3.97;5.18;5.31
JEM68;Pristurus_sp1;Arabia;mainland;rock;rock;26.67;10.83;6.65;4.71;3.73;4.15;4.56;5.42;5.95
JEM7;Pristurus_sp1;Arabia;mainland;rock;rock;22.82;9.14;5.77;4.4;3.41;3.37;3.41;4.45;4.71
JEM81;Pristurus_sp1;Arabia;mainland;rock;rock;24.94;10.08;6.18;4.51;3.4;3.16;3.93;4.93;5.48
JEM85;Pristurus_sp1;Arabia;mainland;rock;rock;24.73;10.33;6.33;4.65;3.33;3.44;4.18;5.43;5.56
JEM86;Pristurus_sp1;Arabia;mainland;rock;rock;23.93;10.14;6.17;4.66;3.46;3.44;4.04;5.27;5.36
S10411;Pristurus_sp1;Arabia;mainland;rock;rock;26.25;11.18;6.61;4.87;3.65;3.54;4.28;5.32;5.4
S10431;Pristurus_sp1;Arabia;mainland;rock;rock;25.16;10.4;6.28;4.91;3.73;3.55;4.08;5.22;5.33
S10455;Pristurus_sp1;Arabia;mainland;rock;rock;25.88;10.46;6.48;5.03;3.75;3.74;4.25;5.41;5.48
S10474;Pristurus_sp1;Arabia;mainland;rock;rock;23.27;9.41;5.96;4.53;3.55;3.54;4.19;4.87;5.38
S7160;Pristurus_sp1;Arabia;mainland;rock;rock;24.31;10.13;6.25;4.41;3.53;3.24;3.86;4.84;5.24
S7347;Pristurus_sp1;Arabia;mainland;rock;rock;23.18;9.86;5.91;4.35;3.4;3.17;3.54;4.76;4.98
S7645b;Pristurus_sp1;Arabia;mainland;rock;rock;20.82;7.98;5.36;3.96;3.09;3.04;3.46;4.23;4.36
S7648;Pristurus_sp1;Arabia;mainland;rock;rock;24.88;9.76;6.17;4.34;3.56;4.12;4.96;5.55;6.26
S7683;Pristurus_sp1;Arabia;mainland;rock;rock;22.42;9.18;5.91;4.48;3.31;3.34;3.88;5.29;5.32
S7692;Pristurus_sp1;Arabia;mainland;rock;rock;24.61;9.42;6.31;4.53;3.5;3.63;4.34;5.24;5.72
S7697;Pristurus_sp1;Arabia;mainland;rock;rock;23.33;9.34;6.06;4.36;3.64;3.18;3.96;5.07;5.21
S7923;Pristurus_sp1;Arabia;mainland;rock;rock;24.56;10.08;6.18;4.56;3.42;3.33;3.89;4.71;5.19
S7936;Pristurus_sp1;Arabia;mainland;rock;rock;28.76;12.04;6.89;5.36;4.13;4.31;4.72;5.47;5.74
S7973;Pristurus_sp1;Arabia;mainland;rock;rock;24.18;9.97;6.23;4.74;3.55;3.09;3.81;4.34;5.08
S7974;Pristurus_sp1;Arabia;mainland;rock;rock;22.24;9.05;5.88;4.25;3.54;3.32;3.89;4.75;5.26
BM1900.11.28.6;Pristurus_phillipsii;Africa;mainland;ground;soft-ground;29.91;12.42;7.73;5.95;4.71;4.53;4.86;6.14;7.03
BM1900.11.28.7;Pristurus_phillipsii;Africa;mainland;ground;soft-ground;27.28;11.24;7.18;5.56;4.29;3.26;3.96;5.33;5.76
BM1900.11.28.8;Pristurus_phillipsii;Africa;mainland;ground;soft-ground;26.73;11.01;6.93;5.58;4.02;3.72;3.86;5.38;6.1
BM1900.11.28.9;Pristurus_phillipsii;Africa;mainland;ground;soft-ground;25.85;11.24;6.97;5.31;4.09;3.47;3.84;5.02;5.39
BM1946.8.24.33;Pristurus_phillipsii;Africa;mainland;ground;soft-ground;29.45;13.01;7.4;5.66;4.68;4.45;4.58;5.64;6.45
BM1956.1.3.1;Pristurus_phillipsii;Africa;mainland;ground;soft-ground;29.4;11.68;7.72;6.11;4.47;3.99;4.56;5.39;5.7
BM1961.1091;Pristurus_phillipsii;Africa;mainland;ground;soft-ground;26.45;11.11;6.77;4.94;4.33;4.01;4.85;6.19;6.83
BM1961.1092;Pristurus_phillipsii;Africa;mainland;ground;soft-ground;30.32;11.96;7.61;6.1;4.48;4.59;4.63;6.16;6.69
BM98.5.21.1;Pristurus_phillipsii;Africa;mainland;ground;soft-ground;30.86;12.87;7.86;5.14;4.21;4.46;4.74;6.32;6.93
BM98.5.21.2;Pristurus_phillipsii;Africa;mainland;ground;soft-ground;25.57;10.47;6.22;4.65;3.58;3.43;3.73;4.67;5.17
BM98.5.21.3;Pristurus_phillipsii;Africa;mainland;ground;soft-ground;24.65;10.27;6.34;4.28;3.51;3.37;3.67;4.8;5.03
BM1968.1247;Pristurus_simonettai;Africa;mainland;ground;soft-ground;23.38;10.27;5.91;3.81;3.08;3.46;3.81;4.87;5.97
BM1987.1567;Pristurus_simonettai;Africa;mainland;ground;soft-ground;23.29;10.28;5.54;3.8;2.74;3.78;3.8;4.89;5.72
BM1988.303;Pristurus_saada;Arabia;mainland;ground;hard-ground;31.05;13.64;8.05;6.92;4.86;4.41;4.76;6.45;6.44
BM1988.304;Pristurus_saada;Arabia;mainland;ground;hard-ground;37.04;13.84;9.52;8.36;6.16;6.01;6.12;7.95;8.86
BM1988.305;Pristurus_saada;Arabia;mainland;ground;hard-ground;29.16;11.71;8.01;6.52;4.82;4.19;4.61;6.64;6.59
BM1988.306;Pristurus_saada;Arabia;mainland;ground;hard-ground;36.62;15.75;9.33;8.27;5.94;5.51;6.03;7.67;8.36
IBECN219;Pristurus_minimus;Arabia;mainland;ground;soft-ground;24.1;10.85;6.28;3.96;3.54;3.71;3.54;3.74;5.57
IBECN3521;Pristurus_minimus;Arabia;mainland;ground;soft-ground;25.88;11.77;6.34;4.01;3.45;4.4;4.11;5.07;6.1
IBECN4169;Pristurus_minimus;Arabia;mainland;ground;soft-ground;21.42;9.15;5.68;3.56;2.85;3.16;3.4;4.16;4.73
IBECN4253;Pristurus_minimus;Arabia;mainland;ground;soft-ground;23.05;10.68;5.98;3.51;2.64;3.45;3.02;4.4;4.92
IBECN4364;Pristurus_minimus;Arabia;mainland;ground;soft-ground;26.29;12.05;6.43;4.2;3.74;3.3;3.77;4.67;5.27
IBECN4384;Pristurus_minimus;Arabia;mainland;ground;soft-ground;24.18;12.14;5.92;3.42;2.89;3.56;3.56;4.99;5.49
IBECN8634;Pristurus_minimus;Arabia;mainland;ground;soft-ground;21.81;10.1;5.23;3.35;2.85;3.18;3.45;4.11;5.17
IBECN95;Pristurus_minimus;Arabia;mainland;ground;soft-ground;23.52;11.31;5.94;3.8;3.59;3.29;3.59;4.19;5.38
IBES1690;Pristurus_minimus;Arabia;mainland;ground;soft-ground;25.53;11.35;5.9;3.62;2.88;4.11;3.44;4.52;5.25
IBES7679;Pristurus_minimus;Arabia;mainland;ground;soft-ground;24.69;10.06;5.9;3.83;3.29;3.9;3.44;5.05;5.58
IBES7712;Pristurus_minimus;Arabia;mainland;ground;soft-ground;27.16;12.54;6.43;3.99;2.73;4.45;3.56;5.33;6.57
IBECN2780;Pristurus_minimus;Arabia;mainland;ground;soft-ground;26.37;12.05;6.68;4.27;3.7;3.54;4.17;5.11;6.71
IBECN3473;Pristurus_minimus;Arabia;mainland;ground;soft-ground;27.08;12.12;6.63;4.56;3.77;4;4.19;5.11;6.32
IBECN3492;Pristurus_minimus;Arabia;mainland;ground;soft-ground;27.09;12.52;6.71;4.45;3.84;4.1;3.78;4.83;5.93
IBECN3504;Pristurus_minimus;Arabia;mainland;ground;soft-ground;27.68;12.87;6.54;4.05;3.3;3.48;3.99;4.41;6.06
IBECN3695;Pristurus_minimus;Arabia;mainland;ground;soft-ground;27.67;11.76;6.78;4.27;3.56;3.88;4.22;5.62;6.22
IBECN4028;Pristurus_minimus;Arabia;mainland;ground;soft-ground;22.98;10.74;5.78;3.76;3.06;3.11;3.48;4.45;6.69
IBECN5846;Pristurus_minimus;Arabia;mainland;ground;soft-ground;25.35;12.03;6.13;4.11;3.49;3.19;3.6;5.18;6.44
IBECN5852;Pristurus_minimus;Arabia;mainland;ground;soft-ground;26.98;11.21;6.84;4.36;3.86;3.92;4.04;5.16;5.88
IBECN7283;Pristurus_minimus;Arabia;mainland;ground;soft-ground;23.73;11.31;6.05;4;3.22;3.61;3.55;4.71;5.32
IBES1686;Pristurus_minimus;Arabia;mainland;ground;soft-ground;19.86;8.36;5.03;3.11;2.41;3.18;2.65;3.99;3.37
IBES7322;Pristurus_minimus;Arabia;mainland;ground;soft-ground;26.31;12.14;5.92;3.96;3.24;3.81;3.38;5.03;5.08
IBES7701;Pristurus_minimus;Arabia;mainland;ground;soft-ground;28.39;13.21;6.4;4.42;3.74;4.35;3.98;5.26;6.14
IBES7817;Pristurus_minimus;Arabia;mainland;ground;soft-ground;19.75;8.76;5.11;3.2;2.79;3.17;2.78;3.86;4.24
IBES7990;Pristurus_minimus;Arabia;mainland;ground;soft-ground;23.83;10.36;5.84;3.87;3.22;3.1;3.51;5.11;5.6
IBECN4038;Pristurus_masirahensis;Arabia;mainland;ground;soft-ground;18.77;8.51;4.27;2.64;2.22;3.11;2.94;3.64;4.33
IBECN7238;Pristurus_masirahensis;Arabia;mainland;ground;soft-ground;18.45;7.09;4.62;2.87;2.43;2.25;2.79;3.68;4.17
IBECN8029;Pristurus_masirahensis;Arabia;mainland;ground;soft-ground;20.03;9.37;5.03;2.95;2.56;2.63;3.13;3.43;4.45
IBECN8976;Pristurus_masirahensis;Arabia;mainland;ground;soft-ground;20.25;8.53;4.94;3;2.73;3.36;2.68;3.97;4.4
IBECN7257;Pristurus_masirahensis;Arabia;mainland;ground;soft-ground;19.06;8.39;4.79;3.07;2.9;3.07;2.7;3.77;4.41
IBECN7961;Pristurus_masirahensis;Arabia;mainland;ground;soft-ground;18.97;7.95;4.82;3.09;2.74;2.73;2.77;3.67;4.34
IBECN8038;Pristurus_masirahensis;Arabia;mainland;ground;soft-ground;18.38;6.89;4.11;2.62;2.37;2.32;2.35;3.15;3.55
IBECN8063;Pristurus_masirahensis;Arabia;mainland;ground;soft-ground;18.52;8.28;4.63;2.75;2.58;2.91;2.71;3.5;4.66
NHMUK2019.2894;Pristurus_masirahensis;Arabia;mainland;ground;soft-ground;17.44;7.32;4.45;2.67;2.59;2.28;3.11;3.17;3.94
IBECN8650;Pristurus_masirahensis;Arabia;mainland;ground;soft-ground;18.71;7.36;4.11;2.63;2.32;2.74;2.81;3.81;4.8
IBECN8961;Pristurus_masirahensis;Arabia;mainland;ground;soft-ground;21.13;8.67;5.21;3.17;2.86;3.3;3.08;3.94;5.17
ONHM4238;Pristurus_masirahensis;Arabia;mainland;ground;soft-ground;21.52;10.11;5.02;3.27;2.72;2.96;2.84;4.46;4.11
IBES1899;Pristurus_masirahensis;Arabia;mainland;ground;soft-ground;15.59;6.74;4.15;2.54;2.08;2.25;2.02;3.14;3.29